,Media,Date,Tweet Text,Compound,Positive,Negative,Neutral,Tweets Ago
0,BBC,Tue Jun 26 14:52:03 +0000 2018,"RT @BBCWales: #ToProvideAllPeople: A star-studded film written by @OwenSheers to mark #NHS70.

Starring @MichaelSheen, @TeamEveMyles, @Pack‚Ä¶",0.0,0.0,0.0,1.0,100
1,BBC,Tue Jun 26 14:32:33 +0000 2018,"RT @BBCRadio2: To celebrate the anniversary of 1988's second Summer of Love, @djgarydavies, @ZoeTheBall, and @MsAnaMatronic are heading to‚Ä¶",0.836,0.317,0.0,0.683,99
2,BBC,Tue Jun 26 13:12:16 +0000 2018,"RT @BBCR1: Happy Birthday, @ArianaGrande! üéà‚ú®

Here's a throwback to her offering some 10/10 relationship advice to callers on @R1Breakfast‚Ä¶",0.6114,0.182,0.0,0.818,98
3,BBC,Tue Jun 26 12:58:04 +0000 2018,"üöÑüòΩüéÄ Japan has unveiled a pink bullet train themed around the cartoon character #HelloKitty.
üëâ‚Ä¶ https://t.co/uPA1cevSHt",0.0,0.0,0.0,1.0,97
4,BBC,Tue Jun 26 12:02:04 +0000 2018,"Activist
Poet
Director
Actor
Writer...

...and inspiration https://t.co/oOpo1fJV5K",0.5267,0.327,0.0,0.673,96
5,BBC,Tue Jun 26 11:02:03 +0000 2018,"üçïüíê Would you say 'I dough' to this pizza bouquet?
üëâ https://t.co/HqnBOtPZlN https://t.co/BJqFMcpWKv",0.0,0.0,0.0,1.0,95
6,BBC,Tue Jun 26 09:30:00 +0000 2018,"üåç‚ôªÔ∏èüí•üëä
What will your #PlasticsAction be? https://t.co/QQ1ZBgNyZN",0.0,0.0,0.0,1.0,94
7,BBC,Tue Jun 26 08:00:16 +0000 2018,Turns out you're biased in all sorts of ways you may not realise. https://t.co/yZ0ziOfX2L,-0.2732,0.0,0.139,0.861,93
8,BBC,Tue Jun 26 07:26:08 +0000 2018,"Seabirds are starving to death on the remote Lord Howe Island, a crew filming for the @BBCOne documentary‚Ä¶ https://t.co/XHDOBZn5Yb",-0.7717,0.0,0.295,0.705,92
9,BBC,Tue Jun 26 07:00:12 +0000 2018,üíï Julie is the childcare champion in the heart of the Gorbals. https://t.co/LcdEhzyTBG,0.5994,0.231,0.0,0.769,91
10,BBC,Mon Jun 25 18:03:04 +0000 2018,‚ú® These women are ditching their straighteners and embracing their natural hair. https://t.co/BTgEiHth2E,0.5859,0.304,0.0,0.696,90
11,BBC,Mon Jun 25 17:31:08 +0000 2018,Two teams of junior doctors from teaching hospitals around Britain go head to head in a medical-themed quiz show. üè•‚Ä¶ https://t.co/1z99Ax1RcK,0.0,0.0,0.0,1.0,89
12,BBC,Mon Jun 25 16:02:03 +0000 2018,"üôåüòÇ Well, that escalated quickly.
#HearHer #LiveAtTheApollo  https://t.co/4Bfa81zCSI",0.2732,0.231,0.0,0.769,88
13,BBC,Mon Jun 25 15:01:34 +0000 2018,RT @BBCTwo: SO much tension between Louis and the Queen! üò¨üëëüá´üá∑ #Versailles https://t.co/mT2tDG3Hen,-0.5524,0.0,0.229,0.771,87
14,BBC,Mon Jun 25 14:57:32 +0000 2018,RT @BBCTwo: brb just gonna pop inside for some fresh air... ‚òÄÔ∏èüò∞ https://t.co/rlTBirEDF2,0.3182,0.161,0.0,0.839,86
15,BBC,Mon Jun 25 13:48:41 +0000 2018,"RT @bbcarts: If you‚Äôre from the North this will make you well up with pride. ‚ù§Ô∏è
@lemnsissay delivers an impassioned reading of the poem he‚Ä¶",0.5423,0.158,0.0,0.842,85
16,BBC,Mon Jun 25 13:03:07 +0000 2018,"üê∂üòç They're all beautiful in our eyes! 
#WorldsUgliestDog https://t.co/qrQgVqtwt4",0.636,0.344,0.0,0.656,84
17,BBC,Mon Jun 25 12:04:05 +0000 2018,üôåüí™ @ChelseaClinton says it's time we rethink gender stereotypes and work harder to celebrate women. https://t.co/xgejAk33oK,0.5719,0.198,0.0,0.802,83
18,BBC,Mon Jun 25 11:01:03 +0000 2018,"üìñ‚ú®üå≤ From the Forbidden Forest at Hogwarts to Pooh's Hundred Acre Wood, here are six magical forests we love from ch‚Ä¶ https://t.co/hCU6am8R3o",0.34,0.156,0.104,0.741,82
19,BBC,Mon Jun 25 10:12:49 +0000 2018,"üåã Lava from Hawaii's Kilauea volcano creeps closer to more homes. 
 https://t.co/NfFXiwtVy7",0.0,0.0,0.0,1.0,81
20,BBC,Tue Jun 26 14:52:03 +0000 2018,"RT @BBCWales: #ToProvideAllPeople: A star-studded film written by @OwenSheers to mark #NHS70.

Starring @MichaelSheen, @TeamEveMyles, @Pack‚Ä¶",0.0,0.0,0.0,1.0,80
21,BBC,Tue Jun 26 14:32:33 +0000 2018,"RT @BBCRadio2: To celebrate the anniversary of 1988's second Summer of Love, @djgarydavies, @ZoeTheBall, and @MsAnaMatronic are heading to‚Ä¶",0.836,0.317,0.0,0.683,79
22,BBC,Tue Jun 26 13:12:16 +0000 2018,"RT @BBCR1: Happy Birthday, @ArianaGrande! üéà‚ú®

Here's a throwback to her offering some 10/10 relationship advice to callers on @R1Breakfast‚Ä¶",0.6114,0.182,0.0,0.818,78
23,BBC,Tue Jun 26 12:58:04 +0000 2018,"üöÑüòΩüéÄ Japan has unveiled a pink bullet train themed around the cartoon character #HelloKitty.
üëâ‚Ä¶ https://t.co/uPA1cevSHt",0.0,0.0,0.0,1.0,77
24,BBC,Tue Jun 26 12:02:04 +0000 2018,"Activist
Poet
Director
Actor
Writer...

...and inspiration https://t.co/oOpo1fJV5K",0.5267,0.327,0.0,0.673,76
25,BBC,Tue Jun 26 11:02:03 +0000 2018,"üçïüíê Would you say 'I dough' to this pizza bouquet?
üëâ https://t.co/HqnBOtPZlN https://t.co/BJqFMcpWKv",0.0,0.0,0.0,1.0,75
26,BBC,Tue Jun 26 09:30:00 +0000 2018,"üåç‚ôªÔ∏èüí•üëä
What will your #PlasticsAction be? https://t.co/QQ1ZBgNyZN",0.0,0.0,0.0,1.0,74
27,BBC,Tue Jun 26 08:00:16 +0000 2018,Turns out you're biased in all sorts of ways you may not realise. https://t.co/yZ0ziOfX2L,-0.2732,0.0,0.139,0.861,73
28,BBC,Tue Jun 26 07:26:08 +0000 2018,"Seabirds are starving to death on the remote Lord Howe Island, a crew filming for the @BBCOne documentary‚Ä¶ https://t.co/XHDOBZn5Yb",-0.7717,0.0,0.295,0.705,72
29,BBC,Tue Jun 26 07:00:12 +0000 2018,üíï Julie is the childcare champion in the heart of the Gorbals. https://t.co/LcdEhzyTBG,0.5994,0.231,0.0,0.769,71
30,BBC,Mon Jun 25 18:03:04 +0000 2018,‚ú® These women are ditching their straighteners and embracing their natural hair. https://t.co/BTgEiHth2E,0.5859,0.304,0.0,0.696,70
31,BBC,Mon Jun 25 17:31:08 +0000 2018,Two teams of junior doctors from teaching hospitals around Britain go head to head in a medical-themed quiz show. üè•‚Ä¶ https://t.co/1z99Ax1RcK,0.0,0.0,0.0,1.0,69
32,BBC,Mon Jun 25 16:02:03 +0000 2018,"üôåüòÇ Well, that escalated quickly.
#HearHer #LiveAtTheApollo  https://t.co/4Bfa81zCSI",0.2732,0.231,0.0,0.769,68
33,BBC,Mon Jun 25 15:01:34 +0000 2018,RT @BBCTwo: SO much tension between Louis and the Queen! üò¨üëëüá´üá∑ #Versailles https://t.co/mT2tDG3Hen,-0.5524,0.0,0.229,0.771,67
34,BBC,Mon Jun 25 14:57:32 +0000 2018,RT @BBCTwo: brb just gonna pop inside for some fresh air... ‚òÄÔ∏èüò∞ https://t.co/rlTBirEDF2,0.3182,0.161,0.0,0.839,66
35,BBC,Mon Jun 25 13:48:41 +0000 2018,"RT @bbcarts: If you‚Äôre from the North this will make you well up with pride. ‚ù§Ô∏è
@lemnsissay delivers an impassioned reading of the poem he‚Ä¶",0.5423,0.158,0.0,0.842,65
36,BBC,Mon Jun 25 13:03:07 +0000 2018,"üê∂üòç They're all beautiful in our eyes! 
#WorldsUgliestDog https://t.co/qrQgVqtwt4",0.636,0.344,0.0,0.656,64
37,BBC,Mon Jun 25 12:04:05 +0000 2018,üôåüí™ @ChelseaClinton says it's time we rethink gender stereotypes and work harder to celebrate women. https://t.co/xgejAk33oK,0.5719,0.198,0.0,0.802,63
38,BBC,Mon Jun 25 11:01:03 +0000 2018,"üìñ‚ú®üå≤ From the Forbidden Forest at Hogwarts to Pooh's Hundred Acre Wood, here are six magical forests we love from ch‚Ä¶ https://t.co/hCU6am8R3o",0.34,0.156,0.104,0.741,62
39,BBC,Mon Jun 25 10:12:49 +0000 2018,"üåã Lava from Hawaii's Kilauea volcano creeps closer to more homes. 
 https://t.co/NfFXiwtVy7",0.0,0.0,0.0,1.0,61
40,BBC,Mon Jun 25 08:03:05 +0000 2018,This headteacher is budgeting to buy hygiene products for pupils as she's found some parents are struggling to affo‚Ä¶ https://t.co/Bm4PrQ8ucC,-0.4215,0.0,0.128,0.872,60
41,BBC,Mon Jun 25 07:26:06 +0000 2018,"ü§ñ What does it mean for AI to have a soul?
üëâ https://t.co/OkxIzH9cA2 https://t.co/XcEYkoIbst",0.0,0.0,0.0,1.0,59
42,BBC,Mon Jun 25 07:00:13 +0000 2018,Should we bring the woolly mammoth back from the dead? https://t.co/PASQyyoCXW,-0.6486,0.0,0.301,0.699,58
43,BBC,Sun Jun 24 19:03:02 +0000 2018,"Follow the inner workings of @nytimes, one of the most prolific American media outlets, during the first 12 months‚Ä¶ https://t.co/sTcKSPw5QW",0.0,0.0,0.0,1.0,57
44,BBC,Sun Jun 24 18:32:03 +0000 2018,üöó üá∏üá¶ Women in Saudi Arabia are hitting the road as the country's ban on women driving officially ends. https://t.co/RLv1njCk5t,-0.5574,0.0,0.153,0.847,56
45,BBC,Sun Jun 24 18:10:27 +0000 2018,"RT @BBCWthrWatchers: Beautiful ""night shining"" clouds, captured by our Weather Watchers #NoctilucentClouds https://t.co/FE9F3YQ3Kd",0.5994,0.245,0.0,0.755,55
46,BBC,Sun Jun 24 18:04:04 +0000 2018,"This. Will. Hurt.

@IdrisElba returns as the inimitable DCI #Luther. Coming soon to @BBCOne. https://t.co/AOmhtLjldy",-0.5267,0.0,0.195,0.805,54
47,BBC,Sun Jun 24 17:08:05 +0000 2018,"43% of female festival goers under 40 say they've faced unwanted sexual behaviour at a music festival, a new survey‚Ä¶ https://t.co/Wd5gcaHCgH",0.6705,0.263,0.078,0.658,53
48,BBC,Sun Jun 24 16:02:06 +0000 2018,"Imagine waking up one morning and you've lost the ability to speak or move your hands.
(via @BBCThree) https://t.co/M8IJVGSoE7",0.0,0.106,0.106,0.787,52
49,BBC,Sun Jun 24 15:18:03 +0000 2018,"In the aftermath of Hurricane Maria, Michelin-starred @chefjoseandres managed to feed more Puerto Ricans than any g‚Ä¶ https://t.co/HHjrHbsIb8",0.0,0.0,0.0,1.0,51
50,BBC,Sun Jun 24 14:29:47 +0000 2018,"RT @BBCMOTD: #ENG win 6-1 ‚úÖ
On a Sunday ‚úÖ
In the Sun ‚úÖ

Live scenes across England right now ‚òÄüéâ

#ENGPAN https://t.co/pOqaVykdHG",0.5859,0.112,0.0,0.888,50
51,BBC,Sun Jun 24 14:20:08 +0000 2018,"‚ù§Ô∏èüíç Game of Thrones stars, Rose Leslie and Kit Harington have tied the knot at a ceremony in Aberdeenshire.
üëâ‚Ä¶ https://t.co/VzvDpNHgRO",0.0,0.0,0.0,1.0,49
52,BBC,Sun Jun 24 13:03:02 +0000 2018,"üíîü¶ç Koko the gorilla sadly passed away this week, aged 46.

This is the story of her life. https://t.co/rIRb7mHpJx",-0.4215,0.0,0.135,0.865,48
53,BBC,Sun Jun 24 12:02:03 +0000 2018,üêõ Did you know there's a whole world on the back of a sloth?  https://t.co/wRWmXa7j4R,0.0,0.0,0.0,1.0,47
54,BBC,Sun Jun 24 11:04:03 +0000 2018,"ü•ëü•ïüåû These summery vegan dishes are perfect for when it's hot (and still delicious when it's not!) 

üëâ‚Ä¶ https://t.co/n8Nra5f9Jl",0.8268,0.312,0.0,0.688,46
55,BBC,Sun Jun 24 10:52:39 +0000 2018,"RT @BBCWorld: ""At last!""

Saudi Arabia becomes the last country in the world to allow women to drive. https://t.co/vfOqNTBk9o https://t.co/‚Ä¶",0.2942,0.103,0.0,0.897,45
56,BBC,Sun Jun 24 10:03:02 +0000 2018,"Getting ready for #ENG v #PAN like... Ô∏è‚öΩÔ∏èüèÜüí™ @JKCorden #WorldCup 

https://t.co/EbID4RxLuE",0.3612,0.217,0.0,0.783,44
57,BBC,Sun Jun 24 09:33:12 +0000 2018,"RT @BBC6Music: Ah, it seems so peaceful @GlastoFest this weekend. (via @bbcsomerset)  https://t.co/JzF0sbDEEh",0.6269,0.255,0.0,0.745,43
58,BBC,Sun Jun 24 09:04:05 +0000 2018,"Today, England play their first ever match against #WorldCup debutants Panama. ü¶Åü¶Åü¶Å

World Cup 2018: #ENG v #PAN | 1‚Ä¶ https://t.co/rZLcc8qfZ8",0.34,0.118,0.0,0.882,42
59,BBC,Sun Jun 24 08:37:50 +0000 2018,"RT @BBCWorld: New Zealand's PM reveals her daughter's name as she leaves hospital in Auckland üë∂üá≥üáø

https://t.co/5E751apfOg https://t.co/Zt7‚Ä¶",0.0,0.0,0.0,1.0,41
60,BBC,Sun Jun 24 08:20:08 +0000 2018,"What's happened since #BluePlanet2 first aired and what does Sir David Attenborough think about the response?
üëâ‚Ä¶ https://t.co/Qo4Nu3wQHT",0.0,0.0,0.0,1.0,40
61,BBC,Sun Jun 24 07:01:05 +0000 2018,"‚öΩÔ∏è‚ù§Ô∏è I. Bloody. Love. Football. 
#WorldCup https://t.co/vrmHGAfFYY",0.3182,0.347,0.24,0.413,39
62,BBC,Sat Jun 23 20:12:00 +0000 2018,"Over the last 50 years, the flesh-footed shearwater population has dropped by 30%.

Plastic is a major cause of the‚Ä¶ https://t.co/KwcWT38E6F",0.0,0.0,0.0,1.0,38
63,BBC,Sat Jun 23 19:02:02 +0000 2018,"Live coverage of England's clash with New Zealand in Colorado, USA. üèâ

Rugby League: New Zealand v England | 9pm |‚Ä¶ https://t.co/gNfWK4lAsg",0.0,0.0,0.0,1.0,37
64,BBC,Sat Jun 23 17:06:01 +0000 2018,‚òÄÔ∏èüôå Thousands of people gathered at Stonehenge this week to watch the sunrise and celebrate the #SummerSolstice. https://t.co/f0PA5HYgRK,0.5719,0.179,0.0,0.821,36
65,BBC,Sat Jun 23 16:02:02 +0000 2018,"‚öΩüêù Goal!!!
These clever bumblebees have been taught to play football. https://t.co/00fEPKxEYQ",0.7412,0.386,0.0,0.614,35
66,BBC,Sat Jun 23 15:00:27 +0000 2018,"üì±‚ôøÔ∏è This 13-year-old made an app to help disabled people find accessible services. 
(via @BBCThree) https://t.co/EkjrhQOFi3",0.4019,0.153,0.0,0.847,34
67,BBC,Sat Jun 23 14:02:01 +0000 2018,"Unlocking the hidden life of Frida Kahlo.
üëâ https://t.co/g8KqGCs5JX https://t.co/SyRnFXRvNQ",0.0,0.0,0.0,1.0,33
68,BBC,Sat Jun 23 12:57:05 +0000 2018,"üé∂üé§Meet the stockbroker who writes hits for @LittleMix and @JessGlynne 

https://t.co/zYl0M4CHcj https://t.co/s8HYxwiDKr",0.0,0.0,0.0,1.0,32
69,BBC,Sat Jun 23 12:00:16 +0000 2018,"üé∂ SOUND ON üé∂ 
Below the big blue there is green! üíö
#OurBluePlanet w/ @OceanX https://t.co/E46jJvtmrN",0.0,0.0,0.0,1.0,31
70,BBC,Sat Jun 23 11:01:06 +0000 2018,"Faced with extreme weather, Bolivian farmers are going underground.
#BBCTakingTheTemperature https://t.co/ocATWI0jPL",0.0,0.0,0.0,1.0,30
71,BBC,Sat Jun 23 10:02:04 +0000 2018,"The ban on microbeads in certain products has begun in England and Scotland.

Here are some natural alternatives so‚Ä¶ https://t.co/vqESNyr5qD",0.0,0.183,0.143,0.675,29
72,BBC,Sat Jun 23 09:01:05 +0000 2018,"üòçüêø Baby squirrels grow up so fast! 
#SuperSquirrels https://t.co/NzSE4lUIC8",0.0,0.0,0.0,1.0,28
73,BBC,Sat Jun 23 07:59:02 +0000 2018,There has been a significant fall in the number of cases of HPV following the introduction of a vaccine for young w‚Ä¶ https://t.co/19trkIMZ91,0.2732,0.14,0.0,0.86,27
74,BBC,Sat Jun 23 07:22:00 +0000 2018,"‚ôªÔ∏èüåçSmall actions can make a big difference. 
#PlasticsAction

https://t.co/AWXUYNJ4e3 https://t.co/9Khy2bq19Z",0.0,0.0,0.0,1.0,26
75,BBC,Fri Jun 22 19:11:28 +0000 2018,"RT @BBCBreakfast: So many reasons to love¬†the #NorthEast of #England.
#Inventions https://t.co/xVseuMG347",0.6369,0.259,0.0,0.741,25
76,BBC,Fri Jun 22 19:11:15 +0000 2018,"RT @bbcworldservice: Born without a jaw, Isaiah Acosta has never spoken a word, yet he‚Äôs gone on to fulfil his dream of becoming a rapper.‚Ä¶",0.25,0.087,0.0,0.913,24
77,BBC,Fri Jun 22 19:10:41 +0000 2018,"RT @bbcstories: Today marks 70 years since the arrival of Caribbean migrants on the Empire Windrush ship to the UK.

 Back in 2018, how has‚Ä¶",0.0,0.0,0.0,1.0,23
78,BBC,Fri Jun 22 19:10:14 +0000 2018,RT @BBCTwo: How long would it take you to demolish this AMAZING burger? üçîüòµ #MillionPoundMenu https://t.co/KH8VHK2rE6,0.7518,0.265,0.0,0.735,22
79,BBC,Fri Jun 22 19:09:53 +0000 2018,"RT @BBCFOUR: With over 10,000 credits, Carol Kaye is one of the most prolific bassists of all time ‚Äì and her bragging rights are *amazing*.‚Ä¶",0.3612,0.098,0.0,0.902,21
80,BBC,Fri Jun 22 19:04:06 +0000 2018,"‚ù§Ô∏èüêø Meet the sabre-toothed squirrel whose life was saved by an amateur dentist.
üëâ https://t.co/C6gXwp7Yke https://t.co/fp3vGzEW5S",0.4215,0.135,0.0,0.865,20
81,BBC,Fri Jun 22 18:01:05 +0000 2018,"üòÇüëõ Everyone has that one mate who always loses their purse... 
#HearHer #LiveAtTheApollo https://t.co/DinViMhGVm",-0.3182,0.0,0.15,0.85,19
82,BBC,Fri Jun 22 17:00:21 +0000 2018,üêæüê∂üíï Would you give a deaf dog a home? https://t.co/sjbsjOEzqT,0.0,0.0,0.0,1.0,18
83,BBC,Fri Jun 22 16:01:00 +0000 2018,"When the weekend's so close you can almost touch it...  üôå #FridayFeeling
 @Camila_Cabello https://t.co/eosSiBxZft",0.0,0.0,0.0,1.0,17
84,BBC,Fri Jun 22 13:02:03 +0000 2018,"üòÇüé§ Hello, it's literally me... 
#HearHer https://t.co/7XMLDQMR3B",0.0,0.0,0.0,1.0,16
85,BBC,Fri Jun 22 12:03:05 +0000 2018,Questions for a Sikh https://t.co/UhKZNiTRtC,0.0,0.0,0.0,1.0,15
86,BBC,Fri Jun 22 11:00:13 +0000 2018,"Why do only some people get blackout drunk?
üëâ https://t.co/4C8KOCcSsU https://t.co/8S8axGO0F5",-0.34,0.0,0.156,0.844,14
87,BBC,Fri Jun 22 08:01:04 +0000 2018,"In the aftermath of Hurricane Maria, Michelin-starred @chefjoseandres managed to feed more Puerto Ricans than any g‚Ä¶ https://t.co/SXJJG4hnMG",0.0,0.0,0.0,1.0,13
88,BBC,Fri Jun 22 07:28:05 +0000 2018,"'Always forgive your enemies; nothing annoys them so much.'

Oscar Wilde's best quotes.
üëâ https://t.co/4ldEknyrSW https://t.co/vr8KdzXP89",0.6632,0.322,0.119,0.559,12
89,BBC,Fri Jun 22 07:00:04 +0000 2018,"'I wax my face every 2 weeks and haven't been able to get pregnant, but I won't let polycystic ovary syndrome defin‚Ä¶ https://t.co/uyNbPpgeY7",0.0,0.0,0.0,1.0,11
90,BBC,Thu Jun 21 19:03:04 +0000 2018,"üòÇ That time @NoelFielding11 confronted some rowdy teens‚Ä¶
#LiveAtTheApollo https://t.co/tV9SB4r8Yz",0.2732,0.205,0.2,0.595,10
91,BBC,Thu Jun 21 18:01:06 +0000 2018,üì± Is social media impacting how we express ourselves?  https://t.co/nADRuAW49x,0.0,0.0,0.0,1.0,9
92,BBC,Thu Jun 21 16:42:25 +0000 2018,"RT @bbcthree: What it feels like when you don't want your baby. #HearHer
(turn on your sound) https://t.co/7ErzX8p7Ag",0.3134,0.127,0.062,0.811,8
93,BBC,Thu Jun 21 16:01:04 +0000 2018,üòç The Scottish coast is incredible! https://t.co/pn2LdiZwdQ,0.5093,0.268,0.0,0.732,7
94,BBC,Thu Jun 21 16:00:09 +0000 2018,"RT @BBCRadio4: Activist
Poet
Director
Actor
Writer...
...and inspiration
@Aardman Animations made a beautiful short film about Maya Angelou‚Ä¶",0.8074,0.313,0.0,0.687,6
95,BBC,Thu Jun 21 13:02:34 +0000 2018,"üíîü¶ç Koko the gorilla has sadly died, aged 46.

Here's the story of her life. https://t.co/rIRb7mHpJx",-0.7506,0.0,0.314,0.686,5
96,BBC,Thu Jun 21 12:28:30 +0000 2018,"RT @BBCOne: In 1979, one surgeon was about to make NHS history by performing the UK's first heart transplant. https://t.co/HmUZBE5MLd",0.0,0.0,0.0,1.0,4
97,BBC,Thu Jun 21 12:25:47 +0000 2018,"RT @bbcarts: Artistic Director at @royalcourt, @vicfeatherstone, has curated #Snatches - a series of provocative monologues, written and pe‚Ä¶",0.0,0.0,0.0,1.0,3
98,BBC,Thu Jun 21 12:01:06 +0000 2018,Tessa Sanderson was the first British woman to win an Olympic gold medal in the javelin. #HearHer https://t.co/Kqff1C4QSe,0.7845,0.301,0.0,0.699,2
99,BBC,Thu Jun 21 11:01:04 +0000 2018,"ü•ó What's behind the rise in veganism?
üëâ https://t.co/26dyqv3CWQ https://t.co/KZd2kBVkNW",0.0,0.0,0.0,1.0,1
100,CBS,Mon Jun 25 18:20:25 +0000 2018,The world will finally know the truth. ‚òÑÔ∏è Make sure to tune in to the heart-pounding Season 2 premiere of‚Ä¶ https://t.co/mqMleW90DY,0.5574,0.204,0.0,0.796,100
101,CBS,Fri Jun 22 21:19:06 +0000 2018,Tonight's the night! Don't miss model @ashleygraham on the season finale of Celebrity @undercover_cbs at 8/7c. https://t.co/iBxAOcOF7a,0.1867,0.098,0.0,0.902,99
102,CBS,Fri Jun 22 18:33:53 +0000 2018,"Every day is #TakeYourDogToWorkDay for shows like @HawaiiFive0CBS, @MomCBS, @SEALTeamCBS, and @bigbangtheory! https://t.co/DJaOt1VQcw",0.4199,0.189,0.0,0.811,98
103,CBS,Thu Jun 21 23:29:50 +0000 2018,"Lights, camera, selfie! üì∏¬†Could there be a better photo for #NationalSelfieDay? https://t.co/14Ewx64yKC",0.4926,0.197,0.0,0.803,97
104,CBS,Wed Jun 20 00:39:01 +0000 2018,There‚Äôs nothing quite like watching a contestant win a brand new car on @PriceIsRight. üëè  https://t.co/aKlFikYAMM,0.3555,0.199,0.122,0.68,96
105,CBS,Mon Jun 18 20:27:50 +0000 2018,Time to make your predictions for #BB20! üëè Get to know the @CBSBigBrother Houseguests before the big premiere next‚Ä¶ https://t.co/jlpIchJ9sk,0.0,0.0,0.0,1.0,95
106,CBS,Mon Jun 18 15:00:46 +0000 2018,RT @CBSBigBrother: Meet the cast of #BB20... before anyone else! Start streaming all their live interviews beginning at 11am EST/8am PST on‚Ä¶,0.0,0.0,0.0,1.0,94
107,CBS,Sun Jun 17 13:00:01 +0000 2018,"Today and every day we celebrate their love, guidance, and support. Happy #FathersDay to every kind of dad! https://t.co/Wffax1khBH",0.9392,0.493,0.0,0.507,93
108,CBS,Fri Jun 15 18:48:29 +0000 2018,"Casting Alert! @paulwesley, @DaniaJRamirez &amp; @JamesWolk are set to star in the upcoming CBS All Access psychologica‚Ä¶ https://t.co/JnZMrzT92n",0.3595,0.128,0.0,0.872,92
109,CBS,Thu Jun 14 17:30:00 +0000 2018,"In case you missed it, watch the entire #TonyAwards now: https://t.co/Bm0yNV3Ff3 https://t.co/h3YnFkmSQJ",-0.296,0.0,0.167,0.833,91
110,CBS,Thu Jun 14 16:19:32 +0000 2018,RT @StrangeAngel: Mastermind or maniac? Explore the brilliant mind of Jack Parsons in #StrangeAngel. Now streaming on CBS All Access: https‚Ä¶,0.1779,0.147,0.12,0.734,90
111,CBS,Tue Jun 12 00:19:23 +0000 2018,"No pain, no gain, ALL Hart! Just one month until the premiere of @TKOCBS hosted by @KevinHart4real. https://t.co/C1yMCglxVn",-0.5562,0.134,0.315,0.551,89
112,CBS,Mon Jun 11 22:23:06 +0000 2018,"RT @TheNeighborhood: Welcome to #TheNeighborhood, @BethBehrs! The @2BrokeGirls star returns to @CBS in a new sitcom alongside @CedEntertain‚Ä¶",0.5093,0.171,0.0,0.829,88
113,CBS,Mon Jun 11 19:01:38 +0000 2018,"In case you missed it, watch the entire #TonyAwards now: https://t.co/Bm0yNV3Ff3 https://t.co/3GA5otlcPa",-0.296,0.0,0.167,0.833,87
114,CBS,Mon Jun 11 14:00:37 +0000 2018,How do you know @SaraBareilles and @joshgroban's music? #TonyAwards https://t.co/POMXBORfUT,0.0,0.0,0.0,1.0,86
115,CBS,Mon Jun 11 06:19:36 +0000 2018,Here are all the performances from the 2018 #TonyAwards: https://t.co/gN4ItpFlRd https://t.co/fSMNBXKC9r,0.0,0.0,0.0,1.0,85
116,CBS,Mon Jun 11 06:04:41 +0000 2018,See the complete list of winners from the 2018 #TonyAwards: https://t.co/9XK6CGeber https://t.co/HkUIN4Quej,0.4767,0.22,0.0,0.78,84
117,CBS,Mon Jun 11 03:10:33 +0000 2018,An end to a magical evening. The Band's Visit wins for Best Musical! #TonyAwards https://t.co/ODza97n8YH,0.8478,0.406,0.0,0.594,83
118,CBS,Mon Jun 11 03:02:06 +0000 2018,Congratulations are in order for @TheKatrinaLenk! She just won for Best Leading Actress in a Musical. #TonyAwards https://t.co/t9bNvpiEmH,0.92,0.463,0.0,0.537,82
119,CBS,Mon Jun 11 02:58:30 +0000 2018,"RT @CBSThisMorning: Hmm... something seems off here @SaraBareilles @JoshGroban. üòÇ

@WaitressMusical @GreatCometBway #TonyAwards https://t.c‚Ä¶",0.4404,0.175,0.088,0.737,81
120,CBS,Mon Jun 25 18:20:25 +0000 2018,The world will finally know the truth. ‚òÑÔ∏è Make sure to tune in to the heart-pounding Season 2 premiere of‚Ä¶ https://t.co/mqMleW90DY,0.5574,0.204,0.0,0.796,80
121,CBS,Fri Jun 22 21:19:06 +0000 2018,Tonight's the night! Don't miss model @ashleygraham on the season finale of Celebrity @undercover_cbs at 8/7c. https://t.co/iBxAOcOF7a,0.1867,0.098,0.0,0.902,79
122,CBS,Fri Jun 22 18:33:53 +0000 2018,"Every day is #TakeYourDogToWorkDay for shows like @HawaiiFive0CBS, @MomCBS, @SEALTeamCBS, and @bigbangtheory! https://t.co/DJaOt1VQcw",0.4199,0.189,0.0,0.811,78
123,CBS,Thu Jun 21 23:29:50 +0000 2018,"Lights, camera, selfie! üì∏¬†Could there be a better photo for #NationalSelfieDay? https://t.co/14Ewx64yKC",0.4926,0.197,0.0,0.803,77
124,CBS,Wed Jun 20 00:39:01 +0000 2018,There‚Äôs nothing quite like watching a contestant win a brand new car on @PriceIsRight. üëè  https://t.co/aKlFikYAMM,0.3555,0.199,0.122,0.68,76
125,CBS,Mon Jun 18 20:27:50 +0000 2018,Time to make your predictions for #BB20! üëè Get to know the @CBSBigBrother Houseguests before the big premiere next‚Ä¶ https://t.co/jlpIchJ9sk,0.0,0.0,0.0,1.0,75
126,CBS,Mon Jun 18 15:00:46 +0000 2018,RT @CBSBigBrother: Meet the cast of #BB20... before anyone else! Start streaming all their live interviews beginning at 11am EST/8am PST on‚Ä¶,0.0,0.0,0.0,1.0,74
127,CBS,Sun Jun 17 13:00:01 +0000 2018,"Today and every day we celebrate their love, guidance, and support. Happy #FathersDay to every kind of dad! https://t.co/Wffax1khBH",0.9392,0.493,0.0,0.507,73
128,CBS,Fri Jun 15 18:48:29 +0000 2018,"Casting Alert! @paulwesley, @DaniaJRamirez &amp; @JamesWolk are set to star in the upcoming CBS All Access psychologica‚Ä¶ https://t.co/JnZMrzT92n",0.3595,0.128,0.0,0.872,72
129,CBS,Thu Jun 14 17:30:00 +0000 2018,"In case you missed it, watch the entire #TonyAwards now: https://t.co/Bm0yNV3Ff3 https://t.co/h3YnFkmSQJ",-0.296,0.0,0.167,0.833,71
130,CBS,Thu Jun 14 16:19:32 +0000 2018,RT @StrangeAngel: Mastermind or maniac? Explore the brilliant mind of Jack Parsons in #StrangeAngel. Now streaming on CBS All Access: https‚Ä¶,0.1779,0.147,0.12,0.734,70
131,CBS,Tue Jun 12 00:19:23 +0000 2018,"No pain, no gain, ALL Hart! Just one month until the premiere of @TKOCBS hosted by @KevinHart4real. https://t.co/C1yMCglxVn",-0.5562,0.134,0.315,0.551,69
132,CBS,Mon Jun 11 22:23:06 +0000 2018,"RT @TheNeighborhood: Welcome to #TheNeighborhood, @BethBehrs! The @2BrokeGirls star returns to @CBS in a new sitcom alongside @CedEntertain‚Ä¶",0.5093,0.171,0.0,0.829,68
133,CBS,Mon Jun 11 19:01:38 +0000 2018,"In case you missed it, watch the entire #TonyAwards now: https://t.co/Bm0yNV3Ff3 https://t.co/3GA5otlcPa",-0.296,0.0,0.167,0.833,67
134,CBS,Mon Jun 11 14:00:37 +0000 2018,How do you know @SaraBareilles and @joshgroban's music? #TonyAwards https://t.co/POMXBORfUT,0.0,0.0,0.0,1.0,66
135,CBS,Mon Jun 11 06:19:36 +0000 2018,Here are all the performances from the 2018 #TonyAwards: https://t.co/gN4ItpFlRd https://t.co/fSMNBXKC9r,0.0,0.0,0.0,1.0,65
136,CBS,Mon Jun 11 06:04:41 +0000 2018,See the complete list of winners from the 2018 #TonyAwards: https://t.co/9XK6CGeber https://t.co/HkUIN4Quej,0.4767,0.22,0.0,0.78,64
137,CBS,Mon Jun 11 03:10:33 +0000 2018,An end to a magical evening. The Band's Visit wins for Best Musical! #TonyAwards https://t.co/ODza97n8YH,0.8478,0.406,0.0,0.594,63
138,CBS,Mon Jun 11 03:02:06 +0000 2018,Congratulations are in order for @TheKatrinaLenk! She just won for Best Leading Actress in a Musical. #TonyAwards https://t.co/t9bNvpiEmH,0.92,0.463,0.0,0.537,62
139,CBS,Mon Jun 11 02:58:30 +0000 2018,"RT @CBSThisMorning: Hmm... something seems off here @SaraBareilles @JoshGroban. üòÇ

@WaitressMusical @GreatCometBway #TonyAwards https://t.c‚Ä¶",0.4404,0.175,0.088,0.737,61
140,CBS,Mon Jun 11 02:56:40 +0000 2018,RT @_stobin13: watching the #TonyAwards after going to 3 broadway shows this weekend makes it even better üòçü§©,0.4404,0.153,0.0,0.847,60
141,CBS,Mon Jun 11 02:56:10 +0000 2018,Tony Shalhoub wins Best Leading Actor in a Musical. #TonyAwards   #TheBandsVisit https://t.co/KcUDSicKI5,0.836,0.467,0.0,0.533,59
142,CBS,Mon Jun 11 02:53:00 +0000 2018,The Boss looks right at home on the #TonyAwards stage! https://t.co/pwjv4iydkn,0.0,0.0,0.0,1.0,58
143,CBS,Mon Jun 11 02:47:29 +0000 2018,RT @Aatamianphoto: Springsteen is on the #TonyAwards and I love it.,0.6369,0.318,0.0,0.682,57
144,CBS,Mon Jun 11 02:44:50 +0000 2018,Inspiration: Get to your YES! #OnceOnThisIsland #TonyAwards https://t.co/Wjp0QIWfXq,0.7978,0.543,0.0,0.457,56
145,CBS,Mon Jun 11 02:44:37 +0000 2018,The feeling when you win a Tony. üôå¬†Congratulations to Once on This Island for winning Best Revival of a Musical!‚Ä¶ https://t.co/UpFCqgBTwh,0.9523,0.516,0.0,0.484,55
146,CBS,Mon Jun 11 02:33:09 +0000 2018,What a beautiful performance by the cast of #TheBandsVisit. #TonyAwards https://t.co/4Hw96kZvrf,0.5994,0.302,0.0,0.698,54
147,CBS,Mon Jun 11 02:29:18 +0000 2018,"""I'm a living example of how theatre can change you - and it didn't just change me, it saved me."" @JohnLeguizamo at‚Ä¶ https://t.co/4ICwMhb6hv",0.4215,0.123,0.0,0.877,53
148,CBS,Mon Jun 11 02:23:56 +0000 2018,Angels in America takes the win for Best Revival of a Play! #TonyAwards https://t.co/zodW61tw8a,0.8932,0.517,0.0,0.483,52
149,CBS,Mon Jun 11 02:21:03 +0000 2018,"RT @leahableson: The Once On This Island Goat And Chicken made it to the broadcast, Mama WILL provide #TonyAwards",0.0,0.0,0.0,1.0,51
150,CBS,Mon Jun 11 02:16:06 +0000 2018,That performance was the GOAT. #TonyAwards https://t.co/mtoU92HipQ,0.0,0.0,0.0,1.0,50
151,CBS,Mon Jun 11 02:11:03 +0000 2018,Harry Potter and the Cursed Child wins Best Play at the #TonyAwards! @HPPlayNYC https://t.co/WIqJQmtAlN,0.8908,0.491,0.0,0.509,49
152,CBS,Mon Jun 11 02:05:47 +0000 2018,üé∂ ‚ÄúLet's dance this last dance tonight.‚Äù üé∂ #TonyAwards #DonnaSummerMusical https://t.co/UAIaglChfv,0.0,0.0,0.0,1.0,48
153,CBS,Mon Jun 11 02:03:31 +0000 2018,Hope he brought enough birthday cake for everyone! #TonyAwards https://t.co/FlLbKV6oj8,0.4926,0.262,0.0,0.738,47
154,CBS,Mon Jun 11 01:58:48 +0000 2018,@writerlindsayb You're welcome! #TonyAwards,0.5093,0.523,0.0,0.477,46
155,CBS,Mon Jun 11 01:53:17 +0000 2018,RT @hjmayer8: I sure do love @DearEvanHansen üíô #TonyAwards,0.7579,0.481,0.0,0.519,45
156,CBS,Mon Jun 11 01:51:16 +0000 2018,"RT @Valerie4815: What a birthday present, the Tony audience singing happy birthday to you!! #TonyAwards",0.6467,0.248,0.0,0.752,44
157,CBS,Mon Jun 11 01:38:23 +0000 2018,If only this performance could go on forever. #TonyAwards @FrozenBroadway https://t.co/p2BMUvyTxr,0.0,0.0,0.0,1.0,43
158,CBS,Mon Jun 11 01:37:36 +0000 2018,RT @anna_villanueva: Magnificent performance from the cast of @FrozenBroadway! #TonyAwards2018 #TonyAwards #Tonys,0.636,0.276,0.0,0.724,42
159,CBS,Mon Jun 11 01:30:56 +0000 2018,Glenda Jackson wins Best Leading Actress in a Play. #TonyAwards @threetallwomen https://t.co/GRp1gcBuiW,0.8834,0.563,0.0,0.437,41
160,CBS,Mon Jun 11 01:29:21 +0000 2018,.@SaraBareilles is totally a Gryffindor. #TonyAwards https://t.co/OPQ7esk2dn,0.0,0.0,0.0,1.0,40
161,CBS,Mon Jun 11 01:26:03 +0000 2018,RT @IzzyNY202: How impressive are these Marjory Stoneman Douglas students? That #TonyAwards performance reduced me to tears. Amazing.,0.7351,0.296,0.079,0.625,39
162,CBS,Mon Jun 11 01:25:59 +0000 2018,RT @KatLargent: MAGIC #TonyAwards,0.0,0.0,0.0,1.0,38
163,CBS,Mon Jun 11 01:24:46 +0000 2018,Such a touching moment at the #TonyAwards. ‚ù§Ô∏è https://t.co/4kJWTHVPZ8,0.0,0.0,0.0,1.0,37
164,CBS,Mon Jun 11 01:24:12 +0000 2018,.@Matt_Morrison welcomes the Marjory Stoneman Douglas High School theatre department to the stage. #TonyAwards https://t.co/5dxa9smeka,0.4019,0.162,0.0,0.838,36
165,CBS,Mon Jun 11 01:19:59 +0000 2018,So many feels at the #TonyAwards. Congratulations to @arielstachel for winning Best Featured Actor in a Musical!‚Ä¶ https://t.co/m1aRNIHPRK,0.9151,0.457,0.0,0.543,35
166,CBS,Mon Jun 11 01:12:31 +0000 2018,RT @McBenefit: I love everything about you @UzoAduba. #TonyAwards,0.6369,0.375,0.0,0.625,34
167,CBS,Mon Jun 11 01:08:28 +0000 2018,RT if that musical number by the cast of Carousel blew you away! #TonyAwards https://t.co/CMzMNtcAQO,0.1511,0.102,0.0,0.898,33
168,CBS,Mon Jun 11 01:08:24 +0000 2018,Nathan Lane saw his #AngelsinAmerica role as a challenge. How will you challenge yourself in 2018? #TonyAwards https://t.co/3WXd6AqgBi,0.1531,0.148,0.0,0.852,32
169,CBS,Mon Jun 11 01:02:47 +0000 2018,Nathan Lane wins Best Featured Actor in a Play. #TonyAwards @angelsbway https://t.co/xc8M7JtLDE,0.8834,0.563,0.0,0.437,31
170,CBS,Mon Jun 11 00:58:06 +0000 2018,üåü¬†@joshgroban and @SaraBareilles are Host Goals. üåü #TonyAwards https://t.co/OGQec8cXJ6,0.0,0.0,0.0,1.0,30
171,CBS,Mon Jun 11 00:52:34 +0000 2018,RT @adub369: This is unbelievable! @SaraBareilles and @joshgroban #TonyAwards,0.2714,0.207,0.0,0.793,29
172,CBS,Mon Jun 11 00:51:11 +0000 2018,Who lives in a pineapple and just performed at The Tonys? üççüé∂ The cast of SpongeBob SquarePants: The Musical!‚Ä¶ https://t.co/mvFxdh9UJi,0.0,0.0,0.0,1.0,28
173,CBS,Mon Jun 11 00:50:18 +0000 2018,‚ú® @LindsayMendez wins Best Featured Actress in a Musical! #TonyAwards @carouselbway https://t.co/MtgFowscN5,0.8883,0.567,0.0,0.433,27
174,CBS,Mon Jun 11 00:45:14 +0000 2018,A big congratulations to @springsteen for his Special Tony award! ‚ú®¬†#TonyAwards https://t.co/i16u8uv9aT,0.9134,0.613,0.0,0.387,26
175,CBS,Mon Jun 11 00:44:36 +0000 2018,Can the 73rd annual #TonyAwards just be three-hours of @TitussBurgess? https://t.co/3rCZwwTUtv,0.0,0.0,0.0,1.0,25
176,CBS,Mon Jun 11 00:35:41 +0000 2018,"RT @CBSThisMorning: ""We know there are a lot of you out there who have photos of yourself in school plays or community theater."" Post your‚Ä¶",0.25,0.08,0.0,0.92,24
177,CBS,Mon Jun 11 00:34:45 +0000 2018,Keep your acceptance speeches short or else the #TonyAwards will get the angels involved. #AngelsInAmerica üëº https://t.co/oznhezRzDc,0.4588,0.15,0.0,0.85,23
178,CBS,Mon Jun 11 00:31:28 +0000 2018,"If you haven't started singing, you will be the rest of the night. #TonyAwards #MyFairLady https://t.co/jbGXwnru8N",0.0,0.0,0.0,1.0,22
179,CBS,Mon Jun 11 00:27:42 +0000 2018,RT @marialena_rago: I like this opener for @MyFairLadyBway #TonyAwards,0.3612,0.263,0.0,0.737,21
180,CBS,Mon Jun 11 00:27:00 +0000 2018,Laurie Metcalf wins Best Featured Actress in a Play! #TonyAwards @threetallwomen https://t.co/y4teyJaRPs,0.8908,0.57,0.0,0.43,20
181,CBS,Mon Jun 11 00:24:31 +0000 2018,Tina Fey has a boat?? #MeanGirls #TonyAwards https://t.co/phYxmHMd3d,0.0,0.0,0.0,1.0,19
182,CBS,Mon Jun 11 00:22:15 +0000 2018,Representing the hardest-working men and women in Broadway‚Ä¶¬†ensemble members from every nominated musical tonight!‚Ä¶ https://t.co/imlEEnOUla,0.0,0.0,0.0,1.0,18
183,CBS,Mon Jun 11 00:22:15 +0000 2018,RT @misschae: I love theatre so much. #TonyAwards,0.6369,0.412,0.0,0.588,17
184,CBS,Mon Jun 11 00:18:16 +0000 2018,On Wednesdays they wear pink and on Sundays they perform at the #TonyAwards. üíï Who thought that performance by the‚Ä¶ https://t.co/w7QDkaX6kF,0.0,0.0,0.0,1.0,16
185,CBS,Mon Jun 11 00:13:27 +0000 2018,"RT @MichaelJMoritz: ""We are all made perfectly and we all belong‚Äù - Andrew Garfield #TonyAwards",0.6369,0.244,0.0,0.756,15
186,CBS,Mon Jun 11 00:12:31 +0000 2018,Andrew Garfield wins Best Leading Actor in a Play. #TonyAwards @angelsbway https://t.co/s2VQnw6IPP,0.8834,0.563,0.0,0.437,14
187,CBS,Mon Jun 11 00:06:39 +0000 2018,"RT @nightingalen: Love this opening song! @joshgroban
@SaraBarreilles 
#TonyAwards",0.6696,0.36,0.0,0.64,13
188,CBS,Mon Jun 11 00:04:15 +0000 2018,‚ú® @joshgroban and @SaraBareilles take the stage to begin an unforgettable evening. #TonyAwards https://t.co/y9uzlK2DzO,0.3182,0.15,0.0,0.85,12
189,CBS,Sun Jun 10 23:59:00 +0000 2018,Grab your popcorn... it's time for the #TonyAwards! Go and stream the entire show now: https://t.co/Wo1algQHix https://t.co/JGYTk4NPDN,0.0,0.0,0.0,1.0,11
190,CBS,Sun Jun 10 23:18:15 +0000 2018,‚ú® @thegoodfight's Christine Baranski has arrived on the #TonyAwards red carpet! Watch LIVE at 8/7c on CBS! https://t.co/XnXAnPtRrc,0.4374,0.145,0.0,0.855,10
191,CBS,Sun Jun 10 22:01:25 +0000 2018,"The hosts have arrived! We're LIVE with @SaraBareilles, @joshgroban and more on the #TonyAwards red carpet hosted b‚Ä¶ https://t.co/NtarbgywLe",0.0,0.0,0.0,1.0,9
192,CBS,Sun Jun 10 15:00:01 +0000 2018,Tonight's the night! Join @etnow's @DDirecto on the #TonyAwards' red carpet starting at 5PM ET! https://t.co/hZLOSiIRAT,0.4184,0.157,0.0,0.843,8
193,CBS,Sat Jun 09 21:00:02 +0000 2018,These two know a thing or two about awards! Watch them light up the stage tomorrow at the #TonyAwards. ‚ú® https://t.co/KHVZp65oLS,0.68,0.237,0.0,0.763,7
194,CBS,Sat Jun 09 16:00:00 +0000 2018,Here's everything you need to know before watching the #TonyAwards this Sunday at 8/7c: https://t.co/jcRgNGmLUZ https://t.co/8suUhVPFK6,0.0,0.0,0.0,1.0,6
195,CBS,Fri Jun 08 19:46:17 +0000 2018,Join @etnow's @DDirecto this Sunday on the #TonyAwards' red carpet. https://t.co/7jS8g10KmY,0.296,0.18,0.0,0.82,5
196,CBS,Fri Jun 08 15:00:03 +0000 2018,Here's @laChanze with a reminder that you can stream the #TonyAwards this Sunday on CBS All Access! https://t.co/8TDEXzKmyQ,0.0,0.0,0.0,1.0,4
197,CBS,Fri Jun 08 13:58:15 +0000 2018,"We all get by with a little help from our friends, so what better way to celebrate #NationalBestFriendsDay than to‚Ä¶ https://t.co/pIZezbBwaT",0.9078,0.436,0.0,0.564,3
198,CBS,Thu Jun 07 17:03:26 +0000 2018,"Get ready for show-stopping performances by the casts of the 2018 Tony-nominated shows Mean Girls, SpongeBob Square‚Ä¶ https://t.co/NiSx9Bbw0F",0.3612,0.128,0.0,0.872,2
199,CBS,Wed Jun 06 21:00:24 +0000 2018,Don‚Äôt miss a special performance from @springsteen this Sunday at the #TonyAwards: https://t.co/LYYdleaFwU https://t.co/IKkKoITH9y,0.2732,0.176,0.105,0.719,1
200,CNN,Tue Jun 26 15:14:41 +0000 2018,"""We need to reclaim our values... We're a good nation, we're a good people. And we should be setting a standard on‚Ä¶ https://t.co/14zHoRUeBD",0.7003,0.244,0.0,0.756,100
201,CNN,Tue Jun 26 15:00:04 +0000 2018,Read the Supreme Court's 5-4 ruling upholding the President's travel ban https://t.co/Xpe22vGafU https://t.co/AhKuYVzbJs,0.0,0.198,0.198,0.604,99
202,CNN,Tue Jun 26 14:45:11 +0000 2018,Three key quotes from Chief Justice John Roberts' majority opinion from the travel ban ruling https://t.co/4zhSgEv1IP,-0.0516,0.162,0.171,0.667,98
203,CNN,Tue Jun 26 14:43:46 +0000 2018,"This is the third version of the travel ban, which restricts entry from seven countries to varying degrees: Iran, N‚Ä¶ https://t.co/8iilYFqARn",-0.7096,0.0,0.237,0.763,97
204,CNN,Tue Jun 26 14:35:06 +0000 2018,Philippine President Rodrigo Duterte promised to mend fences with the Catholic Church in the wake of scathing comme‚Ä¶ https://t.co/ostSSY0ytk,0.3612,0.122,0.0,0.878,96
205,CNN,Tue Jun 26 14:21:53 +0000 2018,BREAKING: The Supreme Court has upheld President Trump's travel ban https://t.co/ZuB2RN6ker,0.0,0.222,0.222,0.556,95
206,CNN,Tue Jun 26 14:14:45 +0000 2018,President Trump vs. Harley-Davidson: What's really going on? https://t.co/gZVzLq7079,0.0,0.0,0.0,1.0,94
207,CNN,Tue Jun 26 14:04:12 +0000 2018,"Tesla is trying out an aggressive ""Mad Max"" driving mode in its prototype autopilot feature https://t.co/LgSrIqlmLB",-0.5859,0.0,0.255,0.745,93
208,CNN,Tue Jun 26 13:54:05 +0000 2018,"At least 19 people were shot Monday in Chicago, where police for months have touted declining gun violence https://t.co/gX9hFCjE9E",-0.7717,0.0,0.325,0.675,92
209,CNN,Tue Jun 26 13:40:58 +0000 2018,Sarah Sanders effectively threw her hands up when asked how the Trump administration was going to solve the crisis‚Ä¶ https://t.co/5TkabIuVdD,0.5719,0.207,0.0,0.793,91
210,CNN,Tue Jun 26 13:30:00 +0000 2018,CNN's Jim Acosta faced both heckling and supportive statements while covering a rally for incumbent South Carolina‚Ä¶ https://t.co/H00a7C7rM5,0.296,0.121,0.0,0.879,90
211,CNN,Tue Jun 26 13:29:08 +0000 2018,Uber's Middle East rival is recruiting Saudi women to take the wheel after a female driving ban was lifted on Sunday https://t.co/qcFdfzWkg1,-0.5574,0.0,0.153,0.847,89
212,CNN,Tue Jun 26 13:16:55 +0000 2018,Voters across the US are heading to the polls for Tuesday's primaries. Here's what you need to know.‚Ä¶ https://t.co/d9kX6wiJt8,0.0,0.0,0.0,1.0,88
213,CNN,Tue Jun 26 13:05:01 +0000 2018,"As of Tuesday morning, General Electric is no longer in the Dow. Meet the new kid on the block: Walgreens https://t.co/rWaNEgF3ut",-0.6249,0.0,0.212,0.788,87
214,CNN,Tue Jun 26 12:53:22 +0000 2018,"Hunted and stigmatized, some albinos in Malawi will vie for seats in elections next year https://t.co/JLww4uKKRm https://t.co/RfnhwPLb9q",0.0,0.0,0.0,1.0,86
215,CNN,Tue Jun 26 12:42:31 +0000 2018,"President Trump's trade battles could escalate into a global disaster, UK Treasury chief says https://t.co/EFAphb7X9O",-0.7096,0.092,0.344,0.564,85
216,CNN,Tue Jun 26 12:31:18 +0000 2018,A bipartisan report is warning American institutions about future meddling in the US democratic system following th‚Ä¶ https://t.co/PKnXXBpNwZ,-0.34,0.0,0.13,0.87,84
217,CNN,Tue Jun 26 12:20:12 +0000 2018,"Prince William's $5,500-a-night hotel suite in Jerusalem provided him with tea and silver tea strainers specially f‚Ä¶ https://t.co/T7t5yULuRy",-0.0772,0.0,0.071,0.929,83
218,CNN,Tue Jun 26 12:16:35 +0000 2018,RT @cnni: The 2018 #WorldCup is in full swing. Do you have questions about how the tournament is going so far? CNN's @alexthomascnn is with‚Ä¶,0.0,0.0,0.0,1.0,82
219,CNN,Tue Jun 26 12:08:30 +0000 2018,"Japan's Princess Ayako announced she's marrying a non-royal, a move that will force her to renounce her royal statu‚Ä¶ https://t.co/XUIBEItTjw",0.0,0.0,0.0,1.0,81
220,CNN,Tue Jun 26 15:14:41 +0000 2018,"""We need to reclaim our values... We're a good nation, we're a good people. And we should be setting a standard on‚Ä¶ https://t.co/14zHoRUeBD",0.7003,0.244,0.0,0.756,80
221,CNN,Tue Jun 26 15:00:04 +0000 2018,Read the Supreme Court's 5-4 ruling upholding the President's travel ban https://t.co/Xpe22vGafU https://t.co/AhKuYVzbJs,0.0,0.198,0.198,0.604,79
222,CNN,Tue Jun 26 14:45:11 +0000 2018,Three key quotes from Chief Justice John Roberts' majority opinion from the travel ban ruling https://t.co/4zhSgEv1IP,-0.0516,0.162,0.171,0.667,78
223,CNN,Tue Jun 26 14:43:46 +0000 2018,"This is the third version of the travel ban, which restricts entry from seven countries to varying degrees: Iran, N‚Ä¶ https://t.co/8iilYFqARn",-0.7096,0.0,0.237,0.763,77
224,CNN,Tue Jun 26 14:35:06 +0000 2018,Philippine President Rodrigo Duterte promised to mend fences with the Catholic Church in the wake of scathing comme‚Ä¶ https://t.co/ostSSY0ytk,0.3612,0.122,0.0,0.878,76
225,CNN,Tue Jun 26 14:21:53 +0000 2018,BREAKING: The Supreme Court has upheld President Trump's travel ban https://t.co/ZuB2RN6ker,0.0,0.222,0.222,0.556,75
226,CNN,Tue Jun 26 14:14:45 +0000 2018,President Trump vs. Harley-Davidson: What's really going on? https://t.co/gZVzLq7079,0.0,0.0,0.0,1.0,74
227,CNN,Tue Jun 26 14:04:12 +0000 2018,"Tesla is trying out an aggressive ""Mad Max"" driving mode in its prototype autopilot feature https://t.co/LgSrIqlmLB",-0.5859,0.0,0.255,0.745,73
228,CNN,Tue Jun 26 13:54:05 +0000 2018,"At least 19 people were shot Monday in Chicago, where police for months have touted declining gun violence https://t.co/gX9hFCjE9E",-0.7717,0.0,0.325,0.675,72
229,CNN,Tue Jun 26 13:40:58 +0000 2018,Sarah Sanders effectively threw her hands up when asked how the Trump administration was going to solve the crisis‚Ä¶ https://t.co/5TkabIuVdD,0.5719,0.207,0.0,0.793,71
230,CNN,Tue Jun 26 13:30:00 +0000 2018,CNN's Jim Acosta faced both heckling and supportive statements while covering a rally for incumbent South Carolina‚Ä¶ https://t.co/H00a7C7rM5,0.296,0.121,0.0,0.879,70
231,CNN,Tue Jun 26 13:29:08 +0000 2018,Uber's Middle East rival is recruiting Saudi women to take the wheel after a female driving ban was lifted on Sunday https://t.co/qcFdfzWkg1,-0.5574,0.0,0.153,0.847,69
232,CNN,Tue Jun 26 13:16:55 +0000 2018,Voters across the US are heading to the polls for Tuesday's primaries. Here's what you need to know.‚Ä¶ https://t.co/d9kX6wiJt8,0.0,0.0,0.0,1.0,68
233,CNN,Tue Jun 26 13:05:01 +0000 2018,"As of Tuesday morning, General Electric is no longer in the Dow. Meet the new kid on the block: Walgreens https://t.co/rWaNEgF3ut",-0.6249,0.0,0.212,0.788,67
234,CNN,Tue Jun 26 12:53:22 +0000 2018,"Hunted and stigmatized, some albinos in Malawi will vie for seats in elections next year https://t.co/JLww4uKKRm https://t.co/RfnhwPLb9q",0.0,0.0,0.0,1.0,66
235,CNN,Tue Jun 26 12:42:31 +0000 2018,"President Trump's trade battles could escalate into a global disaster, UK Treasury chief says https://t.co/EFAphb7X9O",-0.7096,0.092,0.344,0.564,65
236,CNN,Tue Jun 26 12:31:18 +0000 2018,A bipartisan report is warning American institutions about future meddling in the US democratic system following th‚Ä¶ https://t.co/PKnXXBpNwZ,-0.34,0.0,0.13,0.87,64
237,CNN,Tue Jun 26 12:20:12 +0000 2018,"Prince William's $5,500-a-night hotel suite in Jerusalem provided him with tea and silver tea strainers specially f‚Ä¶ https://t.co/T7t5yULuRy",-0.0772,0.0,0.071,0.929,63
238,CNN,Tue Jun 26 12:16:35 +0000 2018,RT @cnni: The 2018 #WorldCup is in full swing. Do you have questions about how the tournament is going so far? CNN's @alexthomascnn is with‚Ä¶,0.0,0.0,0.0,1.0,62
239,CNN,Tue Jun 26 12:08:30 +0000 2018,"Japan's Princess Ayako announced she's marrying a non-royal, a move that will force her to renounce her royal statu‚Ä¶ https://t.co/XUIBEItTjw",0.0,0.0,0.0,1.0,61
240,CNN,Tue Jun 26 11:57:20 +0000 2018,"Catholic Church suspends priest who rapped sermons, saying ""the use of rap music is not allowed in preaching""‚Ä¶ https://t.co/6xjDJT2kWi",0.0,0.0,0.0,1.0,60
241,CNN,Tue Jun 26 11:43:56 +0000 2018,An engineered version of poliovirus improved the overall survival rate of patients with a lethal form of brain canc‚Ä¶ https://t.co/y7BqZb2m7P,0.4767,0.147,0.0,0.853,59
242,CNN,Tue Jun 26 11:39:19 +0000 2018,"General Electric is spinning off its health care business, shrinking itself even further to pay down a mountain of‚Ä¶ https://t.co/kzCqlCiSIA",0.4215,0.148,0.065,0.787,58
243,CNN,Tue Jun 26 11:26:27 +0000 2018,Australia is spending billions on unmanned spy drones https://t.co/Du5chZ0Srd https://t.co/w4lYS8ZhsG,0.0,0.0,0.0,1.0,57
244,CNN,Tue Jun 26 11:16:12 +0000 2018,Could pills soon replace insulin shots for diabetes patients? Here's a look at the latest research:‚Ä¶ https://t.co/dDI966dPHT,0.0,0.0,0.0,1.0,56
245,CNN,Tue Jun 26 11:07:43 +0000 2018,"To defeat Trump in 2020, Democrats will need:
‚Ä¢Exciting candidates and big ideas
‚Ä¢First-rate ground game
‚Ä¢Strong fu‚Ä¶ https://t.co/6dE1D6sdMX",-0.4588,0.0,0.143,0.857,55
246,CNN,Tue Jun 26 10:59:24 +0000 2018,This 13th century illustration of a cockatoo suggests that trade off the coast of Australia was occurring much earl‚Ä¶ https://t.co/BSelSiAB7J,0.0,0.0,0.0,1.0,54
247,CNN,Tue Jun 26 10:49:37 +0000 2018,A Latino man and his mother who were doing yard work in California were verbally attacked by a woman who called the‚Ä¶ https://t.co/Xxc2zjFr93,-0.4588,0.0,0.13,0.87,53
248,CNN,Tue Jun 26 10:40:06 +0000 2018,The conservative bloc under Chief Justice John Roberts has made it plain that concerns about race discrimination si‚Ä¶ https://t.co/JqIJzsEi4B,0.5267,0.159,0.0,0.841,52
249,CNN,Tue Jun 26 10:28:14 +0000 2018,One of Canada's biggest music festivals is on pause because of a small bird and her nest of four eggs‚Ä¶ https://t.co/aHFGwq2GSw,0.3612,0.116,0.0,0.884,51
250,CNN,Tue Jun 26 10:16:33 +0000 2018,McDonald's and Starbucks are among dozens of companies caught in a crackdown on plastics in India https://t.co/NgmApTcL9a,0.0,0.0,0.0,1.0,50
251,CNN,Tue Jun 26 10:04:55 +0000 2018,Rescuers continue to search a partially flooded cave complex where 12 missing boys and their soccer coach are thoug‚Ä¶ https://t.co/0GR0RgN39v,-0.296,0.0,0.109,0.891,49
252,CNN,Tue Jun 26 09:53:35 +0000 2018,The US is cracking down on North Korea's army of overseas workers https://t.co/ByceUDIdz2 https://t.co/5hFv9gPGxt,0.0,0.0,0.0,1.0,48
253,CNN,Tue Jun 26 09:42:19 +0000 2018,The oil and gas industry is coming for Colorado's sand dunes https://t.co/mirY5GEYgq via @CNNOpinion https://t.co/YJe3gTvoyj,0.0,0.0,0.0,1.0,47
254,CNN,Tue Jun 26 09:31:10 +0000 2018,"Her doctor said it was all in her head. It wasn't. 

It was POTS: a little-known disorder causing heart palpitation‚Ä¶ https://t.co/Oa7A4y3V7i",-0.4019,0.0,0.124,0.876,46
255,CNN,Tue Jun 26 09:20:08 +0000 2018,"More than 8,000 acres burned by wildfires in Northern California https://t.co/1pn4MaJvuN https://t.co/nMFaIr9dFq",0.0,0.0,0.0,1.0,45
256,CNN,Tue Jun 26 08:51:49 +0000 2018,A child fired a loaded gun he found in a couch at IKEA https://t.co/ebreAtWIEA https://t.co/6b1tINtget,-0.7184,0.0,0.375,0.625,44
257,CNN,Tue Jun 26 08:26:42 +0000 2018,Nigeria has overtaken India as the country with the largest number of people living in extreme poverty https://t.co/AMMCaPdEIm,-0.4588,0.063,0.16,0.777,43
258,CNN,Tue Jun 26 08:02:17 +0000 2018,Entire police force of Mexico town detained after mayoral candidate's assassination https://t.co/JrTKDzfpDv https://t.co/g8gAqO8ptJ,-0.765,0.0,0.375,0.625,42
259,CNN,Tue Jun 26 07:38:23 +0000 2018,A Latino man and his mother who were doing yard work in California were verbally attacked by a woman who called the‚Ä¶ https://t.co/bc4ILulfwQ,-0.4588,0.0,0.13,0.87,41
260,CNN,Tue Jun 26 07:30:07 +0000 2018,"The elaborate customized cars of Japan's ""lowriding"" subculture https://t.co/bxOLz1u9xc https://t.co/oT5YVsK4xI",0.0,0.0,0.0,1.0,40
261,CNN,Tue Jun 26 07:27:02 +0000 2018,Doctor in Spain faces court over Franco-era 'stolen babies' https://t.co/ZxQ3pS3Jx8 https://t.co/VSOT6VMfEa,-0.4939,0.0,0.242,0.758,39
262,CNN,Tue Jun 26 07:15:25 +0000 2018,Heathrow gets go ahead to become world's biggest airport https://t.co/prm8lcOYC5 via @CNNTravel https://t.co/q0uBmd41m4,0.0,0.0,0.0,1.0,38
263,CNN,Tue Jun 26 07:00:05 +0000 2018,FDA approves first cannabis-based drug https://t.co/JrR4eQ9qSI https://t.co/R7HKTtCfGN,0.4019,0.31,0.0,0.69,37
264,CNN,Tue Jun 26 06:48:06 +0000 2018,"India is the most dangerous country to be a woman, survey shows https://t.co/Yuy1gi5dBQ https://t.co/atzm7Lv24N",-0.5256,0.0,0.22,0.78,36
265,CNN,Tue Jun 26 06:30:04 +0000 2018,Occupy ICE encampment faces eviction from federal grounds in Portland https://t.co/P3sTFvui6T https://t.co/ifw8iYEAaC,-0.4588,0.0,0.214,0.786,35
266,CNN,Tue Jun 26 06:21:14 +0000 2018,A child fired a loaded gun he found in a couch at IKEA https://t.co/2cSFL63diP https://t.co/sEG5OwogkZ,-0.7184,0.0,0.375,0.625,34
267,CNN,Tue Jun 26 06:18:06 +0000 2018,"$10 million worth of pot found, thanks to police dog https://t.co/5rnXVM6FE0 https://t.co/YpXVPNHrYD",0.5859,0.324,0.0,0.676,33
268,CNN,Tue Jun 26 06:00:09 +0000 2018,Medical marijuana may soon be for sale in Arkansas. Is Oklahoma next?https://t.co/9lf51TM4Ye https://t.co/X2smkf92gK,0.0,0.0,0.0,1.0,32
269,CNN,Tue Jun 26 05:30:11 +0000 2018,Why markets don't like US investment restrictions on China https://t.co/Kw0T90wxF2 https://t.co/S07Ycc39pz,-0.2755,0.0,0.174,0.826,31
270,CNN,Tue Jun 26 05:15:04 +0000 2018,"India is the most dangerous country to be a woman, survey shows https://t.co/XAfPp1j4Te https://t.co/NrvdV0pSoA",-0.5256,0.0,0.22,0.78,30
271,CNN,Tue Jun 26 05:00:09 +0000 2018,Heathrow gets go ahead to become world's biggest airport https://t.co/iOzWpLnYVi https://t.co/MtKKx0JP4I,0.0,0.0,0.0,1.0,29
272,CNN,Tue Jun 26 04:45:02 +0000 2018,"$10 million worth of pot found, thanks to police dog https://t.co/69UbvWiQdJ https://t.co/CKZzL2lGPG",0.5859,0.324,0.0,0.676,28
273,CNN,Tue Jun 26 04:30:15 +0000 2018,"More than 8,000 acres burned by wildfires in Northern California https://t.co/m6lYcfM1aC https://t.co/Tm3MpbQz9A",0.0,0.0,0.0,1.0,27
274,CNN,Tue Jun 26 04:15:08 +0000 2018,These kids were carrying water in pots to fill up their pool. Then firefighters stopped to help.‚Ä¶ https://t.co/lvY6YJxEuN,-0.2263,0.0,0.101,0.899,26
275,CNN,Tue Jun 26 04:00:10 +0000 2018,One of Canada's biggest music festivals is on pause because of a small bird and its nest of four eggs‚Ä¶ https://t.co/AwOtxlJ12t,0.3612,0.116,0.0,0.884,25
276,CNN,Tue Jun 26 03:46:09 +0000 2018,"""That's not right. That's not American."" Sen. Chuck Schumer sharply criticizes fellow Democratic Rep. Maxine Waters‚Ä¶ https://t.co/UXbrklg8il",-0.34,0.0,0.13,0.87,24
277,CNN,Tue Jun 26 03:31:08 +0000 2018,"A hot air balloon pilot was rescued from a lake after striking power lines during a festival in Howell, Michigan‚Ä¶ https://t.co/L9adguvh7Z",0.7184,0.273,0.0,0.727,23
278,CNN,Tue Jun 26 03:25:06 +0000 2018,"RT @CNNTonight: ""The President has a lot to do with setting the tone and the tone has reduced to a low level that I have not seen before,""‚Ä¶",-0.2732,0.0,0.08,0.92,22
279,CNN,Tue Jun 26 03:15:03 +0000 2018,"The oil and gas industry is coming for Colorado's sand dunes, writes Alana Miller for @CNNOpinion‚Ä¶ https://t.co/cdf4yaz8HQ",0.0,0.0,0.0,1.0,21
280,CNN,Tue Jun 26 03:09:58 +0000 2018,"RT @CNNTonight: Former presidential adviser David Gergen says President Trump is a ""demagogue,"" adding ""but the only way we're going to res‚Ä¶",0.0,0.0,0.0,1.0,20
281,CNN,Tue Jun 26 03:07:12 +0000 2018,RT @CuomoPrimeTime: NBA champ Draymond Green: We would say no to visiting the Trump White House again today https://t.co/MqQkiUzQ20 https:/‚Ä¶,0.2263,0.133,0.094,0.773,19
282,CNN,Tue Jun 26 03:00:07 +0000 2018,Former President George HW Bush met with former President Bill Clinton and congratulated him on the publication of‚Ä¶ https://t.co/GiInYV7CRx,0.0,0.0,0.0,1.0,18
283,CNN,Tue Jun 26 02:45:04 +0000 2018,Pentagon will be asked to OK plans to house immigrants on 2 bases https://t.co/YPtFxD3eAT https://t.co/x1plETAaUV,0.4466,0.184,0.0,0.816,17
284,CNN,Tue Jun 26 02:44:56 +0000 2018,RT @CuomoPrimeTime: Rep. Debbie Wasserman Schultz tells @ChrisCuomo that ‚Äúprotecting children and keeping them with their parents‚Äù is a hil‚Ä¶,0.0,0.0,0.0,1.0,16
285,CNN,Tue Jun 26 02:30:00 +0000 2018,"""I could not say anything to him because they took him away when he was asleep."" These parents were separated from‚Ä¶ https://t.co/8n7KaphuQv",0.0,0.0,0.0,1.0,15
286,CNN,Tue Jun 26 02:15:00 +0000 2018,"Republican congressional candidate Antonio Sabato Jr. says Democratic Rep. Maxine Waters is a ‚Äúhustler of hate."" Th‚Ä¶ https://t.co/3ynOYvYOOt",0.0,0.0,0.0,1.0,14
287,CNN,Tue Jun 26 02:00:12 +0000 2018,"Former White House communications director Anthony Scaramucci says President Trump should ""take the higher ground""‚Ä¶ https://t.co/YZeyh1aTQF",0.0,0.0,0.0,1.0,13
288,CNN,Tue Jun 26 01:45:06 +0000 2018,"Facebook is falling for a faux scandal cooked up by conservatives, writes Angelo Carusone for @CNNOpinion‚Ä¶ https://t.co/qstGWlgClM",-0.5423,0.0,0.243,0.757,12
289,CNN,Tue Jun 26 01:30:12 +0000 2018,Quickly catch up on the day's news https://t.co/k3jrSVf3rA https://t.co/WFo9eFMzvp,0.0,0.0,0.0,1.0,11
290,CNN,Tue Jun 26 01:15:06 +0000 2018,This palace is one of the most culturally rich destinations in Vietnam https://t.co/AIclngDZ1L https://t.co/17wP17dRh1,0.5965,0.23,0.0,0.77,10
291,CNN,Tue Jun 26 01:00:10 +0000 2018,"Flight attendants get more uterine, thyroid and other cancers, study finds https://t.co/ufKnxiOq5I https://t.co/rKxc4P1b0j",0.0,0.0,0.0,1.0,9
292,CNN,Tue Jun 26 00:45:06 +0000 2018,Meet Trump's new approval rating. Same as his old approval rating. https://t.co/v7nwz2LGvc | Analysis by Chris Cill‚Ä¶ https://t.co/d6A6WdjwpI,0.7351,0.292,0.0,0.708,8
293,CNN,Tue Jun 26 00:30:04 +0000 2018,Does President Trump's approval rating predict a 2020 re-election? https://t.co/3ZLpCL006e (via @CNNOpinion) https://t.co/wypeURiFId,0.4767,0.22,0.0,0.78,7
294,CNN,Tue Jun 26 00:15:05 +0000 2018,Entire police force of Mexico town detained after mayoral candidate's assassination https://t.co/j09xa2R6EI https://t.co/R8eXw8Euff,-0.765,0.0,0.375,0.625,6
295,CNN,Tue Jun 26 00:00:08 +0000 2018,"Democratic Rep. Maxine Waters' comments are dangerous, an ex-secret service agent writes for @CNNOpinion‚Ä¶ https://t.co/upPzpHjJ8U",-0.4767,0.0,0.181,0.819,5
296,CNN,Mon Jun 25 23:45:07 +0000 2018,"Rep. Maxine Waters pushes back against President Trump, saying she wasn't calling for people to ""harm"" his supporte‚Ä¶ https://t.co/CQnYvyowwc",0.0,0.0,0.0,1.0,4
297,CNN,Mon Jun 25 23:40:08 +0000 2018,Russian company asks court to say special counsel Robert Mueller's investigation is out of bounds‚Ä¶ https://t.co/3dX7ITlQ98,0.4019,0.153,0.0,0.847,3
298,CNN,Mon Jun 25 23:33:04 +0000 2018,The real story behind President Trump's immigration executive order https://t.co/R9WKpccwO3 https://t.co/aGRA6nk7Ma,0.0,0.0,0.0,1.0,2
299,CNN,Mon Jun 25 23:26:06 +0000 2018,Conservatives grumble about House GOP's handling of investigation into FBI https://t.co/zjBjyvGAYG https://t.co/LWs10ZJiXy,0.0,0.0,0.0,1.0,1
300,FoxNews,Tue Jun 26 15:21:28 +0000 2018,"JUST IN: Reality Winner, former NSA contractor who‚Äôs accused of leaking documents, pleaded guilty https://t.co/oiQ23zPF3c",-0.0516,0.183,0.24,0.577,100
301,FoxNews,Tue Jun 26 15:17:34 +0000 2018,".@Judgenap: ‚ÄúThe trial courts are bound by the Supreme Court‚Äôs ruling today."" https://t.co/YJoYrCncJe‚Ä¶ https://t.co/4BjaB5mcO6",0.5574,0.217,0.0,0.783,99
302,FoxNews,Tue Jun 26 15:11:54 +0000 2018,.@Judgenap: ‚ÄúIf a person believes that they should not be subject to the order‚Ä¶you can make an application to an ap‚Ä¶ https://t.co/QCid1PBh0e,0.0,0.0,0.0,1.0,98
303,FoxNews,Tue Jun 26 15:06:57 +0000 2018,.@Judgenap: ‚ÄúExecutive orders signed by Donald Trump and any subsequent president will be interpreted only on the b‚Ä¶ https://t.co/6O7MRhl8hw,0.0,0.0,0.0,1.0,97
304,FoxNews,Tue Jun 26 15:01:12 +0000 2018,.@Judgenap reacts to Supreme Court ruling on travel ban https://t.co/YJoYrCncJe @AmericaNewsroom https://t.co/4XvwSzBbN6,0.0,0.209,0.209,0.581,96
305,FoxNews,Tue Jun 26 14:58:13 +0000 2018,.@POTUS travel ban: Timeline of a legal journey https://t.co/LtKm2Lur4i,-0.4767,0.135,0.324,0.541,95
306,FoxNews,Tue Jun 26 14:55:45 +0000 2018,"Moments ago, Rep. @keithellison released a statement about the Supreme Court upholding the Trump travel ban on some‚Ä¶ https://t.co/f8OYb5oXvx",0.0,0.155,0.155,0.69,94
307,FoxNews,Tue Jun 26 14:44:52 +0000 2018,.@CHueyBurns on @POTUS: ‚ÄúI‚Äôm wondering if he will even try to go further with this.‚Äù https://t.co/YJoYrCncJe‚Ä¶ https://t.co/Fo4rGFOQpx,0.0,0.0,0.0,1.0,93
308,FoxNews,Tue Jun 26 14:39:21 +0000 2018,Marie Harf reacts to Supreme Court ruling on travel ban https://t.co/YJoYrCncJe @AmericaNewsroom https://t.co/46wiVXOd61,0.0,0.198,0.198,0.604,92
309,FoxNews,Tue Jun 26 14:34:11 +0000 2018,Supreme Court rules 5-4 to uphold travel ban https://t.co/YJoYrCncJe https://t.co/1skpyr6dqs,0.0,0.237,0.237,0.526,91
310,FoxNews,Tue Jun 26 14:33:05 +0000 2018,Supreme Court upholds travel ban https://t.co/YJoYrCncJe https://t.co/OxVsnwO6SI,0.0,0.295,0.295,0.41,90
311,FoxNews,Tue Jun 26 14:24:56 +0000 2018,BREAKING NEWS: U.S. Supreme Court upholds President Trump‚Äôs travel ban on five Muslim-majority countries. https://t.co/8zpaE2VO4h,0.0,0.178,0.178,0.644,89
312,FoxNews,Tue Jun 26 14:20:01 +0000 2018,.@RepDeSantis: ‚ÄúI‚Äôm proud to be leading an effort with a few of my colleagues to censure her in the House.‚Äù‚Ä¶ https://t.co/TPzNoboYeo,0.4767,0.14,0.0,0.86,88
313,FoxNews,Tue Jun 26 14:18:23 +0000 2018,Supreme Court reaches decision on travel ban https://t.co/Lg6pYvPLhi,0.0516,0.358,0.269,0.373,87
314,FoxNews,Tue Jun 26 14:13:04 +0000 2018,Breaking News: Supreme Court rules for crisis pregnancy centers in free speech dispute https://t.co/yAeVB0c6E2,0.0258,0.291,0.287,0.422,86
315,FoxNews,Tue Jun 26 13:55:55 +0000 2018,It 'Has to Stop': @AntonioSabatoJr Says He Was Blacklisted by Hollywood for Supporting #Trump https://t.co/XVHgFfo2Zb,0.4404,0.172,0.0,0.828,85
316,FoxNews,Tue Jun 26 13:33:02 +0000 2018,U.S. Border Agents Halt Immigrant Family Prosecutions; @BryanLlenas reports https://t.co/3zAnjUGL02,0.0,0.0,0.0,1.0,84
317,FoxNews,Tue Jun 26 13:21:26 +0000 2018,".@henrymcmaster: ""[@POTUS has] turned the whole world around, he's making America great again."" https://t.co/CPs6vyfjYu",0.6249,0.24,0.0,0.76,83
318,FoxNews,Tue Jun 26 13:18:15 +0000 2018,"Vietnam veteran, New York state deputy arrest man accused of stealing dog tags from war memorial https://t.co/1QajtAWLHY",-0.9042,0.0,0.484,0.516,82
319,FoxNews,Tue Jun 26 13:01:45 +0000 2018,NBA legend Oscar Robertson asks 'where are the white athletes?' when injustices are happening https://t.co/ERS9ikNWbb,0.0,0.0,0.0,1.0,81
320,FoxNews,Tue Jun 26 15:21:28 +0000 2018,"JUST IN: Reality Winner, former NSA contractor who‚Äôs accused of leaking documents, pleaded guilty https://t.co/oiQ23zPF3c",-0.0516,0.183,0.24,0.577,80
321,FoxNews,Tue Jun 26 15:17:34 +0000 2018,".@Judgenap: ‚ÄúThe trial courts are bound by the Supreme Court‚Äôs ruling today."" https://t.co/YJoYrCncJe‚Ä¶ https://t.co/4BjaB5mcO6",0.5574,0.217,0.0,0.783,79
322,FoxNews,Tue Jun 26 15:11:54 +0000 2018,.@Judgenap: ‚ÄúIf a person believes that they should not be subject to the order‚Ä¶you can make an application to an ap‚Ä¶ https://t.co/QCid1PBh0e,0.0,0.0,0.0,1.0,78
323,FoxNews,Tue Jun 26 15:06:57 +0000 2018,.@Judgenap: ‚ÄúExecutive orders signed by Donald Trump and any subsequent president will be interpreted only on the b‚Ä¶ https://t.co/6O7MRhl8hw,0.0,0.0,0.0,1.0,77
324,FoxNews,Tue Jun 26 15:01:12 +0000 2018,.@Judgenap reacts to Supreme Court ruling on travel ban https://t.co/YJoYrCncJe @AmericaNewsroom https://t.co/4XvwSzBbN6,0.0,0.209,0.209,0.581,76
325,FoxNews,Tue Jun 26 14:58:13 +0000 2018,.@POTUS travel ban: Timeline of a legal journey https://t.co/LtKm2Lur4i,-0.4767,0.135,0.324,0.541,75
326,FoxNews,Tue Jun 26 14:55:45 +0000 2018,"Moments ago, Rep. @keithellison released a statement about the Supreme Court upholding the Trump travel ban on some‚Ä¶ https://t.co/f8OYb5oXvx",0.0,0.155,0.155,0.69,74
327,FoxNews,Tue Jun 26 14:44:52 +0000 2018,.@CHueyBurns on @POTUS: ‚ÄúI‚Äôm wondering if he will even try to go further with this.‚Äù https://t.co/YJoYrCncJe‚Ä¶ https://t.co/Fo4rGFOQpx,0.0,0.0,0.0,1.0,73
328,FoxNews,Tue Jun 26 14:39:21 +0000 2018,Marie Harf reacts to Supreme Court ruling on travel ban https://t.co/YJoYrCncJe @AmericaNewsroom https://t.co/46wiVXOd61,0.0,0.198,0.198,0.604,72
329,FoxNews,Tue Jun 26 14:34:11 +0000 2018,Supreme Court rules 5-4 to uphold travel ban https://t.co/YJoYrCncJe https://t.co/1skpyr6dqs,0.0,0.237,0.237,0.526,71
330,FoxNews,Tue Jun 26 14:33:05 +0000 2018,Supreme Court upholds travel ban https://t.co/YJoYrCncJe https://t.co/OxVsnwO6SI,0.0,0.295,0.295,0.41,70
331,FoxNews,Tue Jun 26 14:24:56 +0000 2018,BREAKING NEWS: U.S. Supreme Court upholds President Trump‚Äôs travel ban on five Muslim-majority countries. https://t.co/8zpaE2VO4h,0.0,0.178,0.178,0.644,69
332,FoxNews,Tue Jun 26 14:20:01 +0000 2018,.@RepDeSantis: ‚ÄúI‚Äôm proud to be leading an effort with a few of my colleagues to censure her in the House.‚Äù‚Ä¶ https://t.co/TPzNoboYeo,0.4767,0.14,0.0,0.86,68
333,FoxNews,Tue Jun 26 14:18:23 +0000 2018,Supreme Court reaches decision on travel ban https://t.co/Lg6pYvPLhi,0.0516,0.358,0.269,0.373,67
334,FoxNews,Tue Jun 26 14:13:04 +0000 2018,Breaking News: Supreme Court rules for crisis pregnancy centers in free speech dispute https://t.co/yAeVB0c6E2,0.0258,0.291,0.287,0.422,66
335,FoxNews,Tue Jun 26 13:55:55 +0000 2018,It 'Has to Stop': @AntonioSabatoJr Says He Was Blacklisted by Hollywood for Supporting #Trump https://t.co/XVHgFfo2Zb,0.4404,0.172,0.0,0.828,65
336,FoxNews,Tue Jun 26 13:33:02 +0000 2018,U.S. Border Agents Halt Immigrant Family Prosecutions; @BryanLlenas reports https://t.co/3zAnjUGL02,0.0,0.0,0.0,1.0,64
337,FoxNews,Tue Jun 26 13:21:26 +0000 2018,".@henrymcmaster: ""[@POTUS has] turned the whole world around, he's making America great again."" https://t.co/CPs6vyfjYu",0.6249,0.24,0.0,0.76,63
338,FoxNews,Tue Jun 26 13:18:15 +0000 2018,"Vietnam veteran, New York state deputy arrest man accused of stealing dog tags from war memorial https://t.co/1QajtAWLHY",-0.9042,0.0,0.484,0.516,62
339,FoxNews,Tue Jun 26 13:01:45 +0000 2018,NBA legend Oscar Robertson asks 'where are the white athletes?' when injustices are happening https://t.co/ERS9ikNWbb,0.0,0.0,0.0,1.0,61
340,FoxNews,Tue Jun 26 12:55:29 +0000 2018,Iguana drama: Viral video shows dueling lizards in Starbucks parking lot https://t.co/BWaqFsAZhO,0.0,0.0,0.0,1.0,60
341,FoxNews,Tue Jun 26 12:40:05 +0000 2018,"'Jurassic World' star Chris Pratt surprises police, shows up at fundraiser at California movie theater https://t.co/f0TGkF2Bec",0.2263,0.112,0.0,0.888,59
342,FoxNews,Tue Jun 26 12:32:11 +0000 2018,"Trump warns Harley-Davidson of 'big tax' if it sells back to US, following production shift https://t.co/rvkG8HYyJb",-0.1027,0.0,0.085,0.915,58
343,FoxNews,Tue Jun 26 12:28:52 +0000 2018,.@RepTimRyan: ‚ÄúI think it‚Äôs inappropriate for any of us to condone any kind of political harassment.‚Äù https://t.co/z7vblnOL0f,0.0,0.0,0.0,1.0,57
344,FoxNews,Tue Jun 26 12:23:44 +0000 2018,Campers recall previous shootings at California site where renowned scientist was killed https://t.co/5UT7oq6vrH,-0.6705,0.0,0.273,0.727,56
345,FoxNews,Tue Jun 26 12:06:20 +0000 2018,'Westworld' star Evan Rachel Wood goes on hunger strike for families separated at US border https://t.co/HyrVPAhaD6,-0.3612,0.0,0.2,0.8,55
346,FoxNews,Tue Jun 26 11:59:01 +0000 2018,.@AntonioSabatoJr: ‚ÄúI was blacklisted‚Ä¶ because of my attachment to the president and my appreciation of the preside‚Ä¶ https://t.co/ycJLWhgeUZ,0.6705,0.256,0.0,0.744,54
347,FoxNews,Tue Jun 26 11:51:24 +0000 2018,RT @FoxBusiness: American money flowing back into America https://t.co/Qz66Xm0jCj,0.0,0.0,0.0,1.0,53
348,FoxNews,Tue Jun 26 11:38:04 +0000 2018,Good Samaritans rescue 6 people from boat burning in Fort Lauderdale https://t.co/ZuSPUTGawe https://t.co/0P0E4yAn9G,0.7351,0.383,0.0,0.617,52
349,FoxNews,Tue Jun 26 11:25:40 +0000 2018,"Commuting in the Big Apple has gotten so bad, a New Jersey man chose to cross the Hudson River on a paddle board to‚Ä¶ https://t.co/CGZ0dCnhZf",-0.6696,0.0,0.17,0.83,51
350,FoxNews,Tue Jun 26 11:22:19 +0000 2018,"JUST IN: Brexit bill becomes law, allowing UK to leave European Union https://t.co/alPWoor72e",-0.0516,0.0,0.091,0.909,50
351,FoxNews,Tue Jun 26 10:59:25 +0000 2018,"Intern who cursed at Trump is identified, was suspended but not fired https://t.co/nMjoiUrTk7",0.4284,0.229,0.121,0.65,49
352,FoxNews,Tue Jun 26 10:45:42 +0000 2018,"Former president George H.W. Bush welcomes service dog named Sully, shows off Bill Clinton socks https://t.co/SGMww2m9Jm",0.4019,0.153,0.0,0.847,48
353,FoxNews,Tue Jun 26 10:31:42 +0000 2018,Republican lawmaker introduces motion asking for Maxine Waters' resignation https://t.co/cScJNqvpuS,-0.296,0.0,0.196,0.804,47
354,FoxNews,Tue Jun 26 10:23:04 +0000 2018,"OPINION: Ten Years after Heller decision, gun rights continue trend toward more freedom, not more gun control https://t.co/47iLqCM6UT",0.1761,0.185,0.198,0.617,46
355,FoxNews,Tue Jun 26 10:17:55 +0000 2018,CA Fire Department Mourns Fallen Captain https://t.co/67Tv1QTjRX,-0.8074,0.0,0.675,0.325,45
356,FoxNews,Tue Jun 26 10:08:43 +0000 2018,".@SenSchumer: ‚ÄúNo one should call for the harassment of political opponents. That‚Äôs not right, that‚Äôs not American.‚Äù https://t.co/iQDVY41G7c",-0.5423,0.0,0.171,0.829,44
357,FoxNews,Tue Jun 26 10:04:28 +0000 2018,Indiana teen killed by basketball backboard in freak accident https://t.co/6nQlE744TB,-0.8885,0.0,0.6,0.4,43
358,FoxNews,Tue Jun 26 10:00:18 +0000 2018,"GOOD DOG: Poncho, a valiant police dog in Spain, showed off its first-responder skills by apparently performing CPR‚Ä¶ https://t.co/TO1cMpnMnb",0.5622,0.176,0.0,0.824,42
359,FoxNews,Tue Jun 26 09:55:33 +0000 2018,"Chicago bar bans 'MAGA' hats, face tattoos https://t.co/bfOwgDAyew",0.0,0.0,0.0,1.0,41
360,FoxNews,Tue Jun 26 09:49:28 +0000 2018,OPINION: The staggering hypocrisy of all the Hillary defenders going after women of the Trump administration https://t.co/x1FIbQpQI3,0.0772,0.075,0.0,0.925,40
361,FoxNews,Tue Jun 26 09:34:31 +0000 2018,Emily Compagno: ‚ÄúThis travel ban is constitutional and I believe firmly that the Supreme Court will rule as such.‚Äù https://t.co/n8YaxfGAkt,0.0,0.149,0.149,0.702,39
362,FoxNews,Tue Jun 26 09:31:46 +0000 2018,Prince William Makes Historic Trip to Israel https://t.co/IuncJs2SVD,0.0,0.0,0.0,1.0,38
363,FoxNews,Tue Jun 26 09:28:17 +0000 2018,King of Jordan Praises President @realDonaldTrump During White House Visit https://t.co/8dU2C2Qg0H,0.5267,0.254,0.0,0.746,37
364,FoxNews,Tue Jun 26 09:26:16 +0000 2018,Secretary Mattis Arrives in China as Tensions Rise https://t.co/UAT98dEvHx,-0.4019,0.0,0.252,0.748,36
365,FoxNews,Tue Jun 26 09:15:00 +0000 2018,"Charlie Hurt: ""It would do everyone a lot of good to tone it down a little bit."" @foxnewsnight‚Ä¶ https://t.co/cHVjpxEjMq",-0.128,0.136,0.16,0.704,35
366,FoxNews,Tue Jun 26 09:09:58 +0000 2018,Democrats fear call to shame Trump admin officials will cost votes in midterms: report https://t.co/E6w9DoB2IA,-0.743,0.0,0.326,0.674,34
367,FoxNews,Tue Jun 26 09:08:00 +0000 2018,Woman seen doing yoga on edge of crumbling cliff https://t.co/8wtwhO6GV0,0.0,0.0,0.0,1.0,33
368,FoxNews,Tue Jun 26 09:00:01 +0000 2018,.@ZTB: ‚ÄúThe party of tolerance is only tolerant if you agree with them‚Ä¶ You either fall in line or get out of line.‚Äù https://t.co/VBrFkCmTD2,0.8176,0.322,0.0,0.678,32
369,FoxNews,Tue Jun 26 08:53:00 +0000 2018,Filmmaker David Lynch believes Trump could be one of greatest presidents in history https://t.co/6V40OorT6n,0.6369,0.244,0.0,0.756,31
370,FoxNews,Tue Jun 26 08:45:00 +0000 2018,".@POTUS: ""I'm a believer in free trade, but I'm really a believer in fair trade. https://t.co/1mfySlJVQF",0.67,0.314,0.0,0.686,30
371,FoxNews,Tue Jun 26 08:38:00 +0000 2018,"During Monday's press briefing, @PressSec Sarah Sanders blasted ""the calls for harassment"" against Trump supporters‚Ä¶ https://t.co/uXztHv5cCo",-0.5423,0.0,0.189,0.811,29
372,FoxNews,Tue Jun 26 08:30:00 +0000 2018,".@GovMikeHuckabee: ""When you deny one person's liberty because you don't like what they say or what they do or what‚Ä¶ https://t.co/AkRGBB0cbI",-0.0284,0.131,0.174,0.695,28
373,FoxNews,Tue Jun 26 08:23:00 +0000 2018,Navy SEALS join search in Thailand for boys soccer team in flooded cave https://t.co/uMOYxqim27,0.296,0.145,0.0,0.855,27
374,FoxNews,Tue Jun 26 08:15:00 +0000 2018,".@ IngrahamAngle: ""Publicly shaming conservatives and targeting them in public‚Äî it's become the new tactic of the l‚Ä¶ https://t.co/PgZoCMAS1S",0.0,0.0,0.0,1.0,26
375,FoxNews,Tue Jun 26 08:07:00 +0000 2018,"On the Senate floor Monday, @SenSchumer rebuked @RepMaxineWaters' comments calling for people to confront members o‚Ä¶ https://t.co/JOK9O44sa7",-0.1779,0.0,0.096,0.904,25
376,FoxNews,Tue Jun 26 08:00:00 +0000 2018,"Rep. @SteveScalise: ""This is about civility. You should go and want to win your ideas in the debate of public opini‚Ä¶ https://t.co/gs5GBaalws",0.6249,0.203,0.0,0.797,24
377,FoxNews,Tue Jun 26 07:53:00 +0000 2018,Irate customer caught on surveillance camera vandalizing nail salon https://t.co/tzWfKg2I7Z,-0.5994,0.0,0.302,0.698,23
378,FoxNews,Tue Jun 26 07:45:01 +0000 2018,".@POTUS on @HillaryClinton: ""She blamed everybody for losing the election, except for one person. Herself."" https://t.co/K47Qo8b8a3",-0.6908,0.0,0.289,0.711,22
379,FoxNews,Tue Jun 26 07:38:00 +0000 2018,"On Twitter Monday, Former President @GeorgeHWBush said he had a ""special visit"" from fellow former President‚Ä¶ https://t.co/byvblOvfrr",0.4019,0.153,0.0,0.847,21
380,FoxNews,Tue Jun 26 07:30:00 +0000 2018,".@GovMikeHuckabee: ""My daughter handled this very, not only skillfully, but I think respectfully, and she did it in‚Ä¶ https://t.co/mXv1FwlxyX",0.5499,0.173,0.0,0.827,20
381,FoxNews,Tue Jun 26 07:23:00 +0000 2018,SPLISH SPLASH: Elephants at the Dublin Zoo enjoyed a ‚Äúpool party‚Äù to beat the heat after their caretakers build a n‚Ä¶ https://t.co/YIw45rpPAg,0.5106,0.148,0.0,0.852,19
382,FoxNews,Tue Jun 26 07:15:00 +0000 2018,".@seanspicer: ""America has a long, proud tradition of people being able to express themselves peacefully and civill‚Ä¶ https://t.co/Wzbg9fAcL6",0.7579,0.302,0.0,0.698,18
383,FoxNews,Tue Jun 26 07:07:00 +0000 2018,Authorities warn Chinese Americans about 'Embassy Scam' after victim loses $3M https://t.co/gpHEFC9mce,-0.8176,0.0,0.543,0.457,17
384,FoxNews,Tue Jun 26 07:00:01 +0000 2018,Man in suit paddleboards to work across Hudson River https://t.co/WVCyGU3eYL https://t.co/eDHWCqceS3,0.0,0.0,0.0,1.0,16
385,FoxNews,Tue Jun 26 06:53:00 +0000 2018,"Intern who cursed at Trump is identified, was suspended but not fired https://t.co/nMjoiUrTk7",0.4284,0.229,0.121,0.65,15
386,FoxNews,Tue Jun 26 06:45:00 +0000 2018,".@POTUS on @FLOTUS: ""She has done a tremendous job as first lady."" https://t.co/yUzUqE9tV4",0.0,0.0,0.0,1.0,14
387,FoxNews,Tue Jun 26 06:38:00 +0000 2018,"On @foxnewsnight, @GovMikeHuckabee spoke out after his daughter, @PressSec Sarah Sanders, got kicked out of a Virgi‚Ä¶ https://t.co/t8kLElAlZl",0.0,0.0,0.0,1.0,13
388,FoxNews,Tue Jun 26 06:30:00 +0000 2018,".@AGPamBondi: ""The police said, 'We're going to take you out the back door,' and I said, 'No way. I'm walking out t‚Ä¶ https://t.co/uEfHqSsIuN",-0.296,0.0,0.095,0.905,12
389,FoxNews,Tue Jun 26 06:23:00 +0000 2018,"State Department security agent heard unusual sound in Singapore before Trump visit, ruled false alarm: report https://t.co/GalbD57iZK",0.0,0.121,0.121,0.758,11
390,FoxNews,Tue Jun 26 06:15:00 +0000 2018,.@ZTB: ‚ÄúThey don‚Äôt have a message and we do‚Ä¶ We‚Äôre trying to make this country great again and I‚Äôm behind it 100%.‚Äù https://t.co/lgOK8PaGxx,0.6249,0.163,0.0,0.837,10
391,FoxNews,Tue Jun 26 06:07:00 +0000 2018,When flight attendants on an Alaska Airlines flight struggled to communicate with a blind and deaf passenger who wa‚Ä¶ https://t.co/24HHMHkBGr,-0.6249,0.0,0.231,0.769,9
392,FoxNews,Tue Jun 26 06:00:00 +0000 2018,‚ÄúTHAT‚ÄôS A STRAIGHT-UP FELONY‚Äù: Police in Anchorage are looking for Alaska‚Äôs most wanted critter. The crime? A squir‚Ä¶ https://t.co/qmrOL2LXC9,-0.5423,0.0,0.179,0.821,8
393,FoxNews,Tue Jun 26 05:53:00 +0000 2018,"Chicago bar bans 'MAGA' hats, face tattoos https://t.co/bfOwgDAyew",0.0,0.0,0.0,1.0,7
394,FoxNews,Tue Jun 26 05:45:00 +0000 2018,".@POTUS on North Korea: ""There's been no rocket tests, there's been no nuclear tests, there's been no ballistic mis‚Ä¶ https://t.co/hYFpLpN6zt",-0.6808,0.0,0.28,0.72,6
395,FoxNews,Tue Jun 26 05:36:53 +0000 2018,After Engine 642 of the Henrietta Fire District responded to a wreck on Saturday in which a pizza delivery employee‚Ä¶ https://t.co/DC0ItvXvF0,-0.6486,0.0,0.238,0.762,5
396,FoxNews,Tue Jun 26 05:30:00 +0000 2018,"‚ÄúI am not going to be bullied by them.‚Äù

@AGPamBondi on protesters heckling her outside a showing of Mr. Rogers doc‚Ä¶ https://t.co/dmpw1q4P6J",-0.7184,0.0,0.24,0.76,4
397,FoxNews,Tue Jun 26 05:23:01 +0000 2018,President @realDonaldTrump greets Gov. @henrymcmaster during a rally to show support for the governor in South Caro‚Ä¶ https://t.co/ywOGDJwmEN,0.5106,0.223,0.0,0.777,3
398,FoxNews,Tue Jun 26 05:15:00 +0000 2018,".@PressSec: ""The calls for harassment and push for any Trump supporter to avoid the public is unacceptable."" https://t.co/IuVHFoTEFY",-0.5574,0.092,0.25,0.658,2
399,FoxNews,Tue Jun 26 05:07:00 +0000 2018,Democrats fear call to shame Trump admin officials will cost votes in midterms: report https://t.co/E6w9DoSDA8,-0.743,0.0,0.326,0.674,1
400,nytimes,Tue Jun 26 15:18:06 +0000 2018,"Reality Winner, the first person prosecuted by the Trump administration on charges of leaking classified informatio‚Ä¶ https://t.co/QpTRtEF5PL",0.0258,0.169,0.209,0.622,100
401,nytimes,Tue Jun 26 15:10:39 +0000 2018,"RT @UpshotNYT: ‚ÄúIf we were to pay what we need to pay people to make a living in San Francisco, a $10 hamburger would be a $20 hamburger, a‚Ä¶",-0.2023,0.0,0.104,0.896,99
402,nytimes,Tue Jun 26 14:58:03 +0000 2018,"RT @nytopinion: What if Trump and Putin went on a date? Animator @plymptoons imagines the scene in Episode 2 of ""Trump Bites."" https://t.co‚Ä¶",0.0,0.0,0.0,1.0,98
403,nytimes,Tue Jun 26 14:44:09 +0000 2018,"When the Supreme Court heard arguments on President Trump's travel ban, here are some of the questions the justices‚Ä¶ https://t.co/KuYQsHmiin",-0.4019,0.134,0.234,0.632,97
404,nytimes,Tue Jun 26 14:38:01 +0000 2018,Some companies are starting to offer student loan payment benefits in response to financial challenges facing young‚Ä¶ https://t.co/WlK8UyPbaQ,0.4404,0.196,0.0,0.804,96
405,nytimes,Tue Jun 26 14:34:45 +0000 2018,RT @nytgraphics: The Supreme Court upheld President Trump's travel ban. How the justices voted: https://t.co/9CtvagjiMt https://t.co/6uTTcI‚Ä¶,0.0,0.17,0.17,0.66,95
406,nytimes,Tue Jun 26 14:26:30 +0000 2018,"Breaking News: President Trump‚Äôs travel ban is lawful, the Supreme Court ruled. The 5-4 decision is a major stateme‚Ä¶ https://t.co/C2NPLBrtAz",0.0,0.149,0.149,0.702,94
407,nytimes,Tue Jun 26 14:25:32 +0000 2018,"Breaking News: The Supreme Court blocked a California law requiring ""crisis pregnancy centers"" to tell women about‚Ä¶ https://t.co/i1BdTlcHad",-0.3818,0.151,0.261,0.588,93
408,nytimes,Tue Jun 26 14:18:06 +0000 2018,"RT @taffyakner: I went to the woods because I wanted to live deliberately, but also to visit @jonathan_franzen. My profile @NYTmag is up: h‚Ä¶",0.0,0.0,0.0,1.0,92
409,nytimes,Tue Jun 26 14:10:34 +0000 2018,"When Pedro Cabrita Reis became an international art star, he had few peers from Portugal. His collecting habit help‚Ä¶ https://t.co/cPH9bNgwFK",0.0,0.0,0.0,1.0,91
410,nytimes,Tue Jun 26 14:00:14 +0000 2018,"Denmark takes on France, and needs a win or draw to advance to the knockout round. Follow here for live updates: https://t.co/hdA4Pw5B2W",0.5859,0.16,0.0,0.84,90
411,nytimes,Tue Jun 26 13:45:06 +0000 2018,A judge threw out a lawsuit brought by San Francisco and Oakland against fossil fuel companies over the costs of de‚Ä¶ https://t.co/o1KR1RUvxj,-0.2263,0.0,0.091,0.909,89
412,nytimes,Tue Jun 26 13:31:54 +0000 2018,President Trump has often lauded Harley-Davidson as a U.S. icon and job creator. Now he's lashing out over its plan‚Ä¶ https://t.co/vidnQ15aNi,0.0,0.0,0.0,1.0,88
413,nytimes,Tue Jun 26 13:30:08 +0000 2018,"‚ÄúWho is this stupid God?"" The remarks of President Rodrigo Duterte startled even some of his supporters in the Phil‚Ä¶ https://t.co/RVnlIs2T87",-0.4215,0.109,0.214,0.677,87
414,nytimes,Tue Jun 26 13:15:02 +0000 2018,"Lindsay Lohan is turning 32 in July. For the first time in her life, she says she feels safe. https://t.co/Nxr3qg4UD8",0.4404,0.132,0.0,0.868,86
415,nytimes,Tue Jun 26 13:00:12 +0000 2018,Morning Briefing: Here's what you need to know to start your day https://t.co/DlTkfPsiV3 https://t.co/9FRqQfotwf,0.0,0.0,0.0,1.0,85
416,nytimes,Tue Jun 26 12:45:06 +0000 2018,"A new version of the 1040 income tax form may be postcard-size, but smaller is not necessarily simpler https://t.co/y85VPje5ai",0.0,0.0,0.0,1.0,84
417,nytimes,Tue Jun 26 12:15:08 +0000 2018,Technology is fast changing how people with disabilities travel. But the advantages often stop at the door of the p‚Ä¶ https://t.co/W9A4OVgfUY,0.1154,0.13,0.112,0.758,83
418,nytimes,Tue Jun 26 12:00:06 +0000 2018,This item is the most frequently found type of trash littering our beaches. Can you guess what it is? https://t.co/TFlIzyXHJ9,0.0,0.0,0.0,1.0,82
419,nytimes,Tue Jun 26 11:45:06 +0000 2018,"So far, the Pawnee Fire has burned thousands of acres in Northern California, razing several homes and forcing hund‚Ä¶ https://t.co/rKN6wKaVYP",-0.34,0.0,0.112,0.888,81
420,nytimes,Tue Jun 26 15:18:06 +0000 2018,"Reality Winner, the first person prosecuted by the Trump administration on charges of leaking classified informatio‚Ä¶ https://t.co/QpTRtEF5PL",0.0258,0.169,0.209,0.622,80
421,nytimes,Tue Jun 26 15:10:39 +0000 2018,"RT @UpshotNYT: ‚ÄúIf we were to pay what we need to pay people to make a living in San Francisco, a $10 hamburger would be a $20 hamburger, a‚Ä¶",-0.2023,0.0,0.104,0.896,79
422,nytimes,Tue Jun 26 14:58:03 +0000 2018,"RT @nytopinion: What if Trump and Putin went on a date? Animator @plymptoons imagines the scene in Episode 2 of ""Trump Bites."" https://t.co‚Ä¶",0.0,0.0,0.0,1.0,78
423,nytimes,Tue Jun 26 14:44:09 +0000 2018,"When the Supreme Court heard arguments on President Trump's travel ban, here are some of the questions the justices‚Ä¶ https://t.co/KuYQsHmiin",-0.4019,0.134,0.234,0.632,77
424,nytimes,Tue Jun 26 14:38:01 +0000 2018,Some companies are starting to offer student loan payment benefits in response to financial challenges facing young‚Ä¶ https://t.co/WlK8UyPbaQ,0.4404,0.196,0.0,0.804,76
425,nytimes,Tue Jun 26 14:34:45 +0000 2018,RT @nytgraphics: The Supreme Court upheld President Trump's travel ban. How the justices voted: https://t.co/9CtvagjiMt https://t.co/6uTTcI‚Ä¶,0.0,0.17,0.17,0.66,75
426,nytimes,Tue Jun 26 14:26:30 +0000 2018,"Breaking News: President Trump‚Äôs travel ban is lawful, the Supreme Court ruled. The 5-4 decision is a major stateme‚Ä¶ https://t.co/C2NPLBrtAz",0.0,0.149,0.149,0.702,74
427,nytimes,Tue Jun 26 14:25:32 +0000 2018,"Breaking News: The Supreme Court blocked a California law requiring ""crisis pregnancy centers"" to tell women about‚Ä¶ https://t.co/i1BdTlcHad",-0.3818,0.151,0.261,0.588,73
428,nytimes,Tue Jun 26 14:18:06 +0000 2018,"RT @taffyakner: I went to the woods because I wanted to live deliberately, but also to visit @jonathan_franzen. My profile @NYTmag is up: h‚Ä¶",0.0,0.0,0.0,1.0,72
429,nytimes,Tue Jun 26 14:10:34 +0000 2018,"When Pedro Cabrita Reis became an international art star, he had few peers from Portugal. His collecting habit help‚Ä¶ https://t.co/cPH9bNgwFK",0.0,0.0,0.0,1.0,71
430,nytimes,Tue Jun 26 14:00:14 +0000 2018,"Denmark takes on France, and needs a win or draw to advance to the knockout round. Follow here for live updates: https://t.co/hdA4Pw5B2W",0.5859,0.16,0.0,0.84,70
431,nytimes,Tue Jun 26 13:45:06 +0000 2018,A judge threw out a lawsuit brought by San Francisco and Oakland against fossil fuel companies over the costs of de‚Ä¶ https://t.co/o1KR1RUvxj,-0.2263,0.0,0.091,0.909,69
432,nytimes,Tue Jun 26 13:31:54 +0000 2018,President Trump has often lauded Harley-Davidson as a U.S. icon and job creator. Now he's lashing out over its plan‚Ä¶ https://t.co/vidnQ15aNi,0.0,0.0,0.0,1.0,68
433,nytimes,Tue Jun 26 13:30:08 +0000 2018,"‚ÄúWho is this stupid God?"" The remarks of President Rodrigo Duterte startled even some of his supporters in the Phil‚Ä¶ https://t.co/RVnlIs2T87",-0.4215,0.109,0.214,0.677,67
434,nytimes,Tue Jun 26 13:15:02 +0000 2018,"Lindsay Lohan is turning 32 in July. For the first time in her life, she says she feels safe. https://t.co/Nxr3qg4UD8",0.4404,0.132,0.0,0.868,66
435,nytimes,Tue Jun 26 13:00:12 +0000 2018,Morning Briefing: Here's what you need to know to start your day https://t.co/DlTkfPsiV3 https://t.co/9FRqQfotwf,0.0,0.0,0.0,1.0,65
436,nytimes,Tue Jun 26 12:45:06 +0000 2018,"A new version of the 1040 income tax form may be postcard-size, but smaller is not necessarily simpler https://t.co/y85VPje5ai",0.0,0.0,0.0,1.0,64
437,nytimes,Tue Jun 26 12:15:08 +0000 2018,Technology is fast changing how people with disabilities travel. But the advantages often stop at the door of the p‚Ä¶ https://t.co/W9A4OVgfUY,0.1154,0.13,0.112,0.758,63
438,nytimes,Tue Jun 26 12:00:06 +0000 2018,This item is the most frequently found type of trash littering our beaches. Can you guess what it is? https://t.co/TFlIzyXHJ9,0.0,0.0,0.0,1.0,62
439,nytimes,Tue Jun 26 11:45:06 +0000 2018,"So far, the Pawnee Fire has burned thousands of acres in Northern California, razing several homes and forcing hund‚Ä¶ https://t.co/rKN6wKaVYP",-0.34,0.0,0.112,0.888,61
440,nytimes,Tue Jun 26 11:30:13 +0000 2018,No heat. Leaks. Mold and pests. New York City public housing has become synonymous with dilapidation. But it wasn‚Äôt‚Ä¶ https://t.co/9QWo2z4WoE,-0.1531,0.0,0.078,0.922,60
441,nytimes,Tue Jun 26 11:30:12 +0000 2018,"Jimmy Fallon responds to President Trump: ""You‚Äôre the president! Why are you tweeting at me?‚Äù Our late-night roundu‚Ä¶ https://t.co/A9xSjlRKT2",0.0,0.0,0.0,1.0,59
442,nytimes,Tue Jun 26 11:15:09 +0000 2018,A New York Times investigation found that pregnancy discrimination is systematic and pervasive inside America‚Äôs big‚Ä¶ https://t.co/KZMvzd9Ah1,0.0,0.0,0.0,1.0,58
443,nytimes,Tue Jun 26 11:14:04 +0000 2018,"RT @andrewkeh: There are hundreds of thousands of soccer fans in Russia right now. They must all have a story to tell. Here's one, about wh‚Ä¶",0.0,0.0,0.0,1.0,57
444,nytimes,Tue Jun 26 11:00:03 +0000 2018,"‚ÄúI see mothers bury their sons,‚Äù Antwon Rose II wrote in a poem. ‚ÄúI want my mom to never feel that pain.‚Äù The poem‚Ä¶ https://t.co/bbPTXD2wwK",0.0772,0.053,0.0,0.947,56
445,nytimes,Tue Jun 26 10:45:05 +0000 2018,The group stage of the World Cup is almost over. Here's how teams can advance to the round of 16. https://t.co/HF3UYHhybi,0.0,0.0,0.0,1.0,55
446,nytimes,Tue Jun 26 10:30:07 +0000 2018,A rift in the Democratic party has opened over whether stoking anti-Trump outrage is helping or undermining its pro‚Ä¶ https://t.co/PBoDtUsvCs,-0.2263,0.191,0.226,0.584,54
447,nytimes,Tue Jun 26 10:15:06 +0000 2018,Here are a few things to watch out for today as voters head to the polls in 7 states https://t.co/f5yFw2FO8a,0.0,0.0,0.0,1.0,53
448,nytimes,Tue Jun 26 10:00:08 +0000 2018,Morning Briefing: Here's what you need to know to start your day https://t.co/aeN8TNIbDg https://t.co/LxIAVvILIZ,0.0,0.0,0.0,1.0,52
449,nytimes,Tue Jun 26 09:45:03 +0000 2018,"A video showed a woman in California unleashing a diatribe against Mexicans, calling them rapists, animals and drug‚Ä¶ https://t.co/9chAU4wVJj",-0.6486,0.0,0.223,0.777,51
450,nytimes,Tue Jun 26 09:40:05 +0000 2018,"Who, exactly, is ISIS? That question fuels our podcast ""Caliphate."" The final episode is out, and you can listen to‚Ä¶ https://t.co/tbZshTKDO8",0.0,0.0,0.0,1.0,50
451,nytimes,Tue Jun 26 09:15:05 +0000 2018,Sometimes spiders ride the wind https://t.co/ALoZvV1wi1,0.0,0.0,0.0,1.0,49
452,nytimes,Tue Jun 26 09:00:07 +0000 2018,The latest discontented group to upset the Chinese Communist Party's image of dominance? Army veterans. https://t.co/ISJk9G6Lzh,-0.5574,0.089,0.267,0.644,48
453,nytimes,Tue Jun 26 08:43:52 +0000 2018,"""I don't know how it works and I don't care. Never eating instant ramen any other way again."" https://t.co/pZGzyGUHjj",-0.3875,0.0,0.134,0.866,47
454,nytimes,Tue Jun 26 08:27:06 +0000 2018,"Erdogan must now face Turkey's troubled economy, but his increasingly authoritarian and anti-Western bent is aliena‚Ä¶ https://t.co/x7gitBjWeX",-0.25,0.0,0.111,0.889,46
455,nytimes,Tue Jun 26 08:18:42 +0000 2018,Hedge funds and private-equity firms are pouring money into large personal-injury cases even as scrutiny of the bus‚Ä¶ https://t.co/uaGkMk5nqP,0.0,0.0,0.0,1.0,45
456,nytimes,Tue Jun 26 08:02:04 +0000 2018,A Sri Lankan port is one of the most vivid examples of China‚Äôs ambitious use of loans and aid to gain influence aro‚Ä¶ https://t.co/CkktD1yVWo,0.7579,0.236,0.0,0.764,44
457,nytimes,Tue Jun 26 07:46:02 +0000 2018,"RT @nytimesworld: Turkey is facing an array of economic troubles, an increasingly disgruntled populace and troubled relations with its West‚Ä¶",-0.7184,0.0,0.25,0.75,43
458,nytimes,Tue Jun 26 07:32:02 +0000 2018,Harley-Davidson will shift some U.S. production abroad to avoid European Union tariffs imposed in retaliation to Pr‚Ä¶ https://t.co/wukFSxrqVr,-0.3612,0.0,0.179,0.821,42
459,nytimes,Tue Jun 26 07:17:02 +0000 2018,"RT @coopnytimes: As Simon Rattle's 16 years at the helm of the @BerlinPhil comes to a close, you can watch and listen to some of the high p‚Ä¶",0.0,0.0,0.0,1.0,41
460,nytimes,Tue Jun 26 07:02:01 +0000 2018,"Following a journey that started in 2014, Japan's Hayabusa2 spacecraft will reach the Ryugu asteroid on Wednesday t‚Ä¶ https://t.co/vRVf3Fj4ik",0.0258,0.061,0.0,0.939,40
461,nytimes,Tue Jun 26 06:49:27 +0000 2018,Heathrow Airport Expansion Is Approved by U.K. Lawmakers https://t.co/GgK4oDU7zN,0.4215,0.259,0.0,0.741,39
462,nytimes,Tue Jun 26 06:32:04 +0000 2018,RT @nytimesworld: 500 died. 50 villages destroyed. Tens of thousands displaced. Yet this is not a war zone. It is farm country in Nigeria w‚Ä¶,-0.5653,0.102,0.22,0.679,38
463,nytimes,Tue Jun 26 06:02:01 +0000 2018,"RT @joecoscarelli: scream therapy, art therapy, retail therapy, group therapy, nature therapy and more w @joncaramanica and Kanye West, who‚Ä¶",-0.4019,0.0,0.13,0.87,37
464,nytimes,Tue Jun 26 05:32:06 +0000 2018,"RT @grynbaum: Sean Spicer planning a TV show in which he meets ""interesting and thoughtful public figures for a drink and some lite convers‚Ä¶",0.6486,0.209,0.0,0.791,36
465,nytimes,Tue Jun 26 05:15:42 +0000 2018,"""If export markets get shut off, I could see us getting to the point where we‚Äôre dumping our milk in the fields,"" s‚Ä¶ https://t.co/WXn2omVEGb",-0.3182,0.0,0.095,0.905,35
466,nytimes,Tue Jun 26 04:58:28 +0000 2018,A plan to build an AirTrain between Manhattan and La Guardia Airport is inching forward. But New Yorkers are mockin‚Ä¶ https://t.co/DhaNCPwTVG,0.0,0.0,0.0,1.0,34
467,nytimes,Tue Jun 26 04:42:03 +0000 2018,"5 years ago, the Supreme Court struck down a key part of the Voting Rights Act. Since then, it's become harder to v‚Ä¶ https://t.co/c0bBZGH9Nx",0.3818,0.141,0.078,0.781,33
468,nytimes,Tue Jun 26 04:22:04 +0000 2018,"RT @nytopinion: In Episode One of @realtrumpbites, our satirical video cartoon series, animator @plymptoons zeroes in on Trump's excessive‚Ä¶",0.0,0.0,0.0,1.0,32
469,nytimes,Tue Jun 26 04:11:25 +0000 2018,Five Takeaways From Turkey‚Äôs Election https://t.co/TxM7EvEPpn,0.0,0.0,0.0,1.0,31
470,nytimes,Tue Jun 26 04:02:02 +0000 2018,"Amid increasing concerns about privacy violations, Orlando city officials decide to end a pilot program that used A‚Ä¶ https://t.co/d7UClmJN78",-0.5267,0.0,0.167,0.833,30
471,nytimes,Tue Jun 26 03:47:01 +0000 2018,"From our friends at @Watching: What to remember before ""GLOW"" comes back for Season 2 https://t.co/erJzEdt3lW",0.4767,0.181,0.0,0.819,29
472,nytimes,Tue Jun 26 03:32:08 +0000 2018,"Sleep apnea can be downright deadly, and not just for those who have it. https://t.co/AQdbftybVM",0.0,0.0,0.0,1.0,28
473,nytimes,Tue Jun 26 03:21:05 +0000 2018,"RT @nytvideo: A New York Times investigation found that the Syrian government dropped a chlorine bomb on this apartment in Douma, Syria in‚Ä¶",-0.4939,0.0,0.138,0.862,27
474,nytimes,Tue Jun 26 03:11:03 +0000 2018,8 of the tech industry‚Äôs most influential companies met with U.S. intelligence officials last month to discuss prep‚Ä¶ https://t.co/UShZSU7pzj,0.7425,0.282,0.0,0.718,26
475,nytimes,Tue Jun 26 03:02:03 +0000 2018,Airline stopover programs can double your destinations--here's how to get the most out of them https://t.co/bHzZtD8IK8,0.0,0.0,0.0,1.0,25
476,nytimes,Tue Jun 26 02:55:49 +0000 2018,"RT @jmartNYT: For two years, Democrats have wrestled with how to confront Trump and his norm-breaking behavior.

But now progressive activi‚Ä¶",-0.09,0.0,0.063,0.937,24
477,nytimes,Tue Jun 26 02:47:05 +0000 2018,"In a lab in Philadelphia, scientists are studying what it takes to kill ‚Äúsuper coral‚Äù to understand the impact of h‚Ä¶ https://t.co/24UuogfUAZ",-0.6908,0.0,0.19,0.81,23
478,nytimes,Tue Jun 26 02:32:08 +0000 2018,Here's every team's path to the next round (except for those who have none) https://t.co/86KshVu4qr,0.0,0.0,0.0,1.0,22
479,nytimes,Tue Jun 26 02:17:06 +0000 2018,"In a 5-4 ruling, the Supreme Court upholds Texas voting maps that were called discriminatory https://t.co/aniTvUeuqT",0.5574,0.205,0.0,0.795,21
480,nytimes,Tue Jun 26 02:02:02 +0000 2018,How China got Sri Lanka to hand over a port: A Times investigation reveals Beijing‚Äôs use of hardball tactics to col‚Ä¶ https://t.co/CCh6otOcT2,0.4939,0.144,0.0,0.856,20
481,nytimes,Tue Jun 26 01:51:01 +0000 2018,"In more than 20 of the most competitive House races of 2018, the share of Democrats voting in primaries notably inc‚Ä¶ https://t.co/PkpyN4NLio",0.4927,0.173,0.0,0.827,19
482,nytimes,Tue Jun 26 01:41:01 +0000 2018,"RT @nytopinion: We're suffering from a breakdown of democracy, not of civility, argues @michelleinbklyn https://t.co/lPSuYeqbj1",-0.2302,0.126,0.179,0.694,18
483,nytimes,Tue Jun 26 01:30:15 +0000 2018,A scientist was fatally shot while camping with his 2 young daughters at Malibu Creek State Park in Southern Califo‚Ä¶ https://t.co/CTM2xUn1bd,-0.6369,0.0,0.189,0.811,17
484,nytimes,Tue Jun 26 01:17:04 +0000 2018,"RT @readercenter: Dean Baquet, our executive editor, explains how we think about the word ‚Äúlie.‚Äù https://t.co/zgv3NuvyGb",0.0,0.0,0.0,1.0,16
485,nytimes,Tue Jun 26 01:02:03 +0000 2018,Evening Briefing: Here's what you need to know at the end of the day https://t.co/FBLd7wUB92,0.0,0.0,0.0,1.0,15
486,nytimes,Tue Jun 26 00:47:04 +0000 2018,"We rounded up a selection of good reads to help you sort through that ""Westworld"" finale. Dig into them here: https://t.co/npMJ48zROe",0.6808,0.237,0.0,0.763,14
487,nytimes,Tue Jun 26 00:32:06 +0000 2018,"Andreessen Horowitz, the well-known firm that made early bets on Instagram and Reddit, said that it is creating a $‚Ä¶ https://t.co/2ScRt1eBsV",0.296,0.104,0.0,0.896,13
488,nytimes,Tue Jun 26 00:17:03 +0000 2018,"RT @julieturkewitz: I've been in Nogales, Mex., in recent days, spending time with families sleeping at America's door, waiting to ask for‚Ä¶",0.0,0.0,0.0,1.0,12
489,nytimes,Tue Jun 26 00:02:04 +0000 2018,"San Francisco offers a case study of how high housing costs alter the economics of everything else, including resta‚Ä¶ https://t.co/FKAhvqSc23",0.0,0.0,0.0,1.0,11
490,nytimes,Mon Jun 25 23:47:03 +0000 2018,Sean Spicer as a talk show host? The former White House press secretary said he plans to film a pilot soon. No netw‚Ä¶ https://t.co/cBYiTa9l03,-0.296,0.0,0.095,0.905,10
491,nytimes,Mon Jun 25 23:30:13 +0000 2018,Meet Colorado's new single issue voters: The cannabis community. They are looking for their biggest political win s‚Ä¶ https://t.co/IIhrgeoLaC,0.5859,0.174,0.0,0.826,9
492,nytimes,Mon Jun 25 23:17:06 +0000 2018,"RT @NYTNational: A white woman is facing ridicule after complaining about an 8-year-old black girl ""illegally selling water without a permi‚Ä¶",-0.5859,0.0,0.22,0.78,8
493,nytimes,Mon Jun 25 23:02:05 +0000 2018,A debt deal for Sri Lanka heightened accusations that China's Belt and Road Initiative is a debt trap for vulnerabl‚Ä¶ https://t.co/qGMkVvIv5W,-0.8225,0.0,0.39,0.61,7
494,nytimes,Mon Jun 25 22:47:05 +0000 2018,Evening Briefing: Here's what you need to know at the end of the day https://t.co/ddhVe18lRL,0.0,0.0,0.0,1.0,6
495,nytimes,Mon Jun 25 22:32:05 +0000 2018,"Conservationists in Butte, Montana, are pushing for the last 2 miles of Silver Bow Creek to be cleaned up, so that‚Ä¶ https://t.co/Z0fkCpxqhF",0.0,0.0,0.0,1.0,5
496,nytimes,Mon Jun 25 22:17:05 +0000 2018,"RT @AnaSwanson: Dispatch from Wisconsin, where I ate all the cheese. Trump‚Äôs trade war shuts cheesemakers out of foreign markets via @NYTim‚Ä¶",-0.5994,0.0,0.163,0.837,4
497,nytimes,Mon Jun 25 22:02:06 +0000 2018,A plan to build an AirTrain between Manhattan and La Guardia Airport is inching forward. But New Yorkers are mockin‚Ä¶ https://t.co/uUl483buBt,0.0,0.0,0.0,1.0,3
498,nytimes,Mon Jun 25 21:47:04 +0000 2018,The yield curve is perilously close to predicting a recession ‚Äî something it has done before with surprising accura‚Ä¶ https://t.co/eNxIpk9C4j,-0.1779,0.1,0.134,0.766,2
499,nytimes,Mon Jun 25 21:32:06 +0000 2018,"Here's a schedule of all World Cup games, and where to watch them https://t.co/9lKygnmJds",0.0,0.0,0.0,1.0,1
